sample_id	pop
HGDP00703	Colombian
HGDP00704	Colombian
HGDP00708	Colombian
HGDP00710	Colombian
HGDP00832	Surui
HGDP00837	Surui
HGDP00838	Surui
HGDP00843	Surui
HGDP00845	Surui
HGDP00849	Surui
HGDP00854	Maya
HGDP00856	Maya
HGDP00858	Maya
HGDP00859	Maya
HGDP00860	Maya
HGDP00861	Maya
HGDP00862	Maya
HGDP00863	Maya
HGDP00864	Maya
HGDP00865	Maya
HGDP00868	Maya
HGDP00869	Maya
HGDP00870	Maya
HGDP00871	Maya
HGDP00872	Maya
HGDP00873	Maya
HGDP00875	Maya
HGDP00876	Maya
HGDP00877	Maya
HGDP00970	Colombian
HGDP00995	Karitiana
HGDP00999	Karitiana
HGDP01001	Karitiana
HGDP01009	Karitiana
HGDP01010	Karitiana
HGDP01013	Karitiana
HGDP01014	Karitiana
HGDP01019	Karitiana
HGDP01037	Pima
HGDP01041	Pima
HGDP01043	Pima
HGDP01050	Pima
HGDP01053	Pima
HGDP01055	Pima
HGDP01056	Pima
HGDP01057	Pima
HGDP01058	Pima
HGDP01059	Pima
HGDP01060	Pima
LP6005441-DNA_A04	Colombian
LP6005441-DNA_A12	Surui
LP6005441-DNA_B04	Colombian
LP6005441-DNA_B12	Surui
LP6005441-DNA_E10	Pima
LP6005441-DNA_F10	Pima
LP6005441-DNA_G06	Karitiana
LP6005441-DNA_G07	Maya
LP6005441-DNA_H06	Karitiana
LP6005441-DNA_H07	Maya
SS6004476	Karitiana
HGDP01006	Karitiana
HGDP01051	Pima
HG00551	PUR
HG00552	PUR
HG00553	PUR
HG00554	PUR
HG00555	PUR
HG00637	PUR
HG00638	PUR
HG00639	PUR
HG00640	PUR
HG00641	PUR
HG00642	PUR
HG00734	PUR
HG00735	PUR
HG00739	PUR
HG00740	PUR
HG00741	PUR
HG00742	PUR
HG00743	PUR
HG01047	PUR
HG01048	PUR
HG01049	PUR
HG01050	PUR
HG01051	PUR
HG01052	PUR
HG01053	PUR
HG01054	PUR
HG01055	PUR
HG01056	PUR
HG01058	PUR
HG01060	PUR
HG01061	PUR
HG01062	PUR
HG01063	PUR
HG01064	PUR
HG01066	PUR
HG01067	PUR
HG01068	PUR
HG01069	PUR
HG01070	PUR
HG01071	PUR
HG01072	PUR
HG01073	PUR
HG01074	PUR
HG01075	PUR
HG01077	PUR
HG01079	PUR
HG01080	PUR
HG01081	PUR
HG01082	PUR
HG01083	PUR
HG01084	PUR
HG01085	PUR
HG01086	PUR
HG01087	PUR
HG01088	PUR
HG01089	PUR
HG01092	PUR
HG01094	PUR
HG01095	PUR
HG01096	PUR
HG01097	PUR
HG01098	PUR
HG01099	PUR
HG01100	PUR
HG01101	PUR
HG01102	PUR
HG01103	PUR
HG01104	PUR
HG01105	PUR
HG01106	PUR
HG01107	PUR
HG01108	PUR
HG01109	PUR
HG01110	PUR
HG01111	PUR
HG01112	CLM
HG01113	CLM
HG01114	CLM
HG01119	CLM
HG01121	CLM
HG01122	CLM
HG01124	CLM
HG01125	CLM
HG01126	CLM
HG01130	CLM
HG01131	CLM
HG01133	CLM
HG01134	CLM
HG01135	CLM
HG01139	CLM
HG01140	CLM
HG01141	CLM
HG01142	CLM
HG01148	CLM
HG01149	CLM
HG01150	CLM
HG01161	PUR
HG01162	PUR
HG01164	PUR
HG01167	PUR
HG01168	PUR
HG01169	PUR
HG01170	PUR
HG01171	PUR
HG01172	PUR
HG01173	PUR
HG01174	PUR
HG01175	PUR
HG01176	PUR
HG01177	PUR
HG01178	PUR
HG01182	PUR
HG01183	PUR
HG01184	PUR
HG01187	PUR
HG01188	PUR
HG01189	PUR
HG01190	PUR
HG01191	PUR
HG01192	PUR
HG01197	PUR
HG01198	PUR
HG01199	PUR
HG01200	PUR
HG01204	PUR
HG01205	PUR
HG01206	PUR
HG01241	PUR
HG01242	PUR
HG01243	PUR
HG01247	PUR
HG01248	PUR
HG01249	PUR
HG01250	CLM
HG01251	CLM
HG01252	CLM
HG01253	CLM
HG01254	CLM
HG01255	CLM
HG01256	CLM
HG01257	CLM
HG01258	CLM
HG01259	CLM
HG01260	CLM
HG01261	CLM
HG01269	CLM
HG01271	CLM
HG01272	CLM
HG01273	CLM
HG01274	CLM
HG01275	CLM
HG01276	CLM
HG01277	CLM
HG01278	CLM
HG01279	CLM
HG01280	CLM
HG01281	CLM
HG01284	CLM
HG01286	PUR
HG01302	PUR
HG01303	PUR
HG01305	PUR
HG01308	PUR
HG01311	PUR
HG01312	PUR
HG01323	PUR
HG01325	PUR
HG01326	PUR
HG01341	CLM
HG01342	CLM
HG01343	CLM
HG01344	CLM
HG01345	CLM
HG01346	CLM
HG01347	CLM
HG01348	CLM
HG01349	CLM
HG01353	CLM
HG01354	CLM
HG01355	CLM
HG01356	CLM
HG01357	CLM
HG01358	CLM
HG01359	CLM
HG01360	CLM
HG01361	CLM
HG01362	CLM
HG01363	CLM
HG01365	CLM
HG01366	CLM
HG01367	CLM
HG01369	CLM
HG01372	CLM
HG01374	CLM
HG01375	CLM
HG01376	CLM
HG01377	CLM
HG01378	CLM
HG01379	CLM
HG01383	CLM
HG01384	CLM
HG01385	CLM
HG01389	CLM
HG01390	CLM
HG01391	CLM
HG01392	PUR
HG01393	PUR
HG01395	PUR
HG01396	PUR
HG01398	PUR
HG01402	PUR
HG01403	PUR
HG01405	PUR
HG01412	PUR
HG01413	PUR
HG01414	PUR
HG01431	CLM
HG01432	CLM
HG01433	CLM
HG01435	CLM
HG01437	CLM
HG01438	CLM
HG01439	CLM
HG01440	CLM
HG01441	CLM
HG01443	CLM
HG01444	CLM
HG01447	CLM
HG01455	CLM
HG01456	CLM
HG01457	CLM
HG01459	CLM
HG01461	CLM
HG01462	CLM
HG01463	CLM
HG01464	CLM
HG01465	CLM
HG01466	CLM
HG01468	CLM
HG01474	CLM
HG01479	CLM
HG01485	CLM
HG01486	CLM
HG01488	CLM
HG01489	CLM
HG01490	CLM
HG01491	CLM
HG01492	CLM
HG01493	CLM
HG01494	CLM
HG01495	CLM
HG01496	CLM
HG01497	CLM
HG01498	CLM
HG01499	CLM
HG01550	CLM
HG01551	CLM
HG01552	CLM
HG01556	CLM
HG01565	PEL
HG01566	PEL
HG01567	PEL
HG01571	PEL
HG01572	PEL
HG01573	PEL
HG01577	PEL
HG01578	PEL
HG01579	PEL
HG01892	PEL
HG01893	PEL
HG01898	PEL
HG01920	PEL
HG01921	PEL
HG01922	PEL
HG01923	PEL
HG01924	PEL
HG01925	PEL
HG01926	PEL
HG01927	PEL
HG01928	PEL
HG01932	PEL
HG01933	PEL
HG01934	PEL
HG01935	PEL
HG01936	PEL
HG01937	PEL
HG01938	PEL
HG01939	PEL
HG01940	PEL
HG01941	PEL
HG01942	PEL
HG01943	PEL
HG01944	PEL
HG01945	PEL
HG01946	PEL
HG01947	PEL
HG01948	PEL
HG01949	PEL
HG01950	PEL
HG01951	PEL
HG01952	PEL
HG01953	PEL
HG01954	PEL
HG01955	PEL
HG01961	PEL
HG01965	PEL
HG01967	PEL
HG01968	PEL
HG01969	PEL
HG01970	PEL
HG01971	PEL
HG01972	PEL
HG01973	PEL
HG01974	PEL
HG01975	PEL
HG01976	PEL
HG01977	PEL
HG01978	PEL
HG01979	PEL
HG01980	PEL
HG01981	PEL
HG01982	PEL
HG01983	PEL
HG01984	PEL
HG01991	PEL
HG01992	PEL
HG01993	PEL
HG01997	PEL
HG01998	PEL
HG02002	PEL
HG02003	PEL
HG02004	PEL
HG02006	PEL
HG02008	PEL
HG02089	PEL
HG02090	PEL
HG02091	PEL
HG02102	PEL
HG02104	PEL
HG02105	PEL
HG02106	PEL
HG02146	PEL
HG02147	PEL
HG02148	PEL
HG02150	PEL
HG02252	PEL
HG02253	PEL
HG02262	PEL
HG02265	PEL
HG02266	PEL
HG02271	PEL
HG02272	PEL
HG02273	PEL
HG02274	PEL
HG02275	PEL
HG02277	PEL
HG02278	PEL
HG02279	PEL
HG02285	PEL
HG02286	PEL
HG02287	PEL
HG02291	PEL
HG02292	PEL
HG02293	PEL
HG02298	PEL
HG02299	PEL
HG02300	PEL
HG02301	PEL
HG02302	PEL
HG02303	PEL
HG02304	PEL
HG02312	PEL
HG02345	PEL
HG02348	PEL
HG02425	PEL
NA19648	MXL
NA19649	MXL
NA19650	MXL
NA19651	MXL
NA19652	MXL
NA19653	MXL
NA19654	MXL
NA19655	MXL
NA19656	MXL
NA19657	MXL
NA19658	MXL
NA19659	MXL
NA19660	MXL
NA19661	MXL
NA19662	MXL
NA19663	MXL
NA19664	MXL
NA19665	MXL
NA19669	MXL
NA19670	MXL
NA19671	MXL
NA19675	MXL
NA19676	MXL
NA19677	MXL
NA19678	MXL
NA19679	MXL
NA19680	MXL
NA19681	MXL
NA19682	MXL
NA19683	MXL
NA19684	MXL
NA19685	MXL
NA19686	MXL
NA19716	MXL
NA19717	MXL
NA19718	MXL
NA19719	MXL
NA19720	MXL
NA19721	MXL
NA19725	MXL
NA19726	MXL
NA19727	MXL
NA19728	MXL
NA19729	MXL
NA19730	MXL
NA19731	MXL
NA19732	MXL
NA19733	MXL
NA19734	MXL
NA19735	MXL
NA19740	MXL
NA19741	MXL
NA19746	MXL
NA19747	MXL
NA19748	MXL
NA19749	MXL
NA19750	MXL
NA19751	MXL
NA19752	MXL
NA19755	MXL
NA19756	MXL
NA19757	MXL
NA19758	MXL
NA19759	MXL
NA19760	MXL
NA19761	MXL
NA19762	MXL
NA19763	MXL
NA19764	MXL
NA19770	MXL
NA19771	MXL
NA19772	MXL
NA19773	MXL
NA19774	MXL
NA19775	MXL
NA19776	MXL
NA19777	MXL
NA19778	MXL
NA19782	MXL
NA19783	MXL
NA19784	MXL
NA19785	MXL
NA19786	MXL
NA19787	MXL
NA19788	MXL
NA19789	MXL
NA19790	MXL
NA19792	MXL
NA19794	MXL
NA19795	MXL
NA19796	MXL
HG00731	PUR
HG00732	PUR
HG00733	PUR
HG00736	PUR
HG00737	PUR
HG00738	PUR
HG01136	CLM
HG01137	CLM
HG01138	CLM
HG01350	CLM
HG01351	CLM
HG01352	CLM
HG01917	PEL
HG01918	PEL
HG01919	PEL
HG02259	PEL
HG02260	PEL
HG02261	PEL
NA19722	MXL
NA19723	MXL
NA19724	MXL
NA19779	MXL
NA19780	MXL
NA19781	MXL
