sample	cohort	pop	super_pop
HGDP00843	HGDP	Surui	AMR
HGDP01053	HGDP	Pima	AMR
HGDP00191	HGDP	Sindhi	SAS
LP6005441-DNA_C05	HGDP	Han	EAS
HGDP01327	HGDP	She	EAS
HGDP00880	HGDP	Russian	EUR
HGDP00804	HGDP	Orcadian	EUR
HGDP00926	HGDP	Yoruba	AFR
HGDP01336	HGDP	She	EAS
HGDP01173	HGDP	Italian	EUR
HGDP00716	HGDP	Cambodian	EAS
LP6005441-DNA_B08	HGDP	MbutiPygmy	AFR
HGDP00939	HGDP	Yoruba	AFR
HGDP00814	HGDP	Han	EAS
HGDP01033	HGDP	BantuSouthAfrica	AFR
HGDP01340	HGDP	Naxi	EAS
HGDP00933	HGDP	Yoruba	AFR
LP6005441-DNA_C02	HGDP	Basque	EUR
HGDP01378	HGDP	Basque	EUR
HGDP00784	HGDP	Han	EAS
HGDP01164	HGDP	Tuscan	EUR
LP6005441-DNA_H07	HGDP	Maya	AMR
HGDP01086	HGDP	BiakaPygmy	AFR
HGDP00035	HGDP	Brahui	SAS
HGDP00941	HGDP	Yoruba	AFR
HGDP00777	HGDP	Han	EAS
HGDP01313	HGDP	Dai	EAS
HGDP00756	HGDP	Japanese	EAS
HGDP00992	HGDP	San	AFR
HGDP00094	HGDP	Balochi	SAS
HGDP00531	HGDP	French	EUR
HGDP00458	HGDP	BiakaPygmy	AFR
HGDP00856	HGDP	Maya	AMR
HGDP01187	HGDP	Yi	EAS
HGDP00794	HGDP	Orcadian	EUR
HGDP01072	HGDP	Sardinian	EUR
LP6005441-DNA_G06	HGDP	Karitiana	AMR
LP6005441-DNA_A08	HGDP	MbutiPygmy	AFR
HGDP00192	HGDP	Sindhi	SAS
HGDP00145	HGDP	Makrani	SAS
HGDP01377	HGDP	Basque	EUR
HGDP00929	HGDP	Yoruba	AFR
HGDP00539	HGDP	French	EUR
HGDP00891	HGDP	Russian	EUR
HGDP00098	HGDP	Balochi	SAS
HGDP01296	HGDP	Han	EAS
HGDP01171	HGDP	Italian	EUR
LP6005441-DNA_D09	HGDP	Orcadian	EUR
HGDP01197	HGDP	Miao	EAS
LP6005441-DNA_G05	HGDP	Hezhen	EAS
HGDP00888	HGDP	Russian	EUR
HGDP01063	HGDP	Sardinian	EUR
HGDP01290	HGDP	Han	EAS
HGDP00817	HGDP	Han	EAS
HGDP00994	HGDP	BantuSouthAfrica	AFR
HGDP01074	HGDP	Sardinian	EUR
HGDP00720	HGDP	Cambodian	EAS
HGDP00972	HGDP	Han	EAS
HGDP01245	HGDP	Xibo	EAS
HGDP00859	HGDP	Maya	AMR
HGDP01373	HGDP	Basque	EUR
HGDP01326	HGDP	Lahu	EAS
HGDP01202	HGDP	Mandenka	AFR
HGDP00966	HGDP	Yakut	EAS
HGDP00199	HGDP	Sindhi	SAS
HGDP01405	HGDP	BantuKenya	AFR
LP6005443-DNA_G02	HGDP	BantuSouthAfrica	AFR
HGDP01412	HGDP	BantuKenya	AFR
HGDP00155	HGDP	Makrani	SAS
HGDP00070	HGDP	Balochi	SAS
LP6005441-DNA_E10	HGDP	Pima	AMR
LP6005441-DNA_H02	HGDP	BiakaPygmy	AFR
HGDP00747	HGDP	Japanese	EAS
HGDP01362	HGDP	Basque	EUR
HGDP01238	HGDP	Hezhen	EAS
HGDP01024	HGDP	Han	EAS
HGDP01231	HGDP	Mongola	EAS
HGDP00460	HGDP	BiakaPygmy	AFR
HGDP01236	HGDP	Hezhen	EAS
HGDP00534	HGDP	French	EUR
HGDP01162	HGDP	Tuscan	EUR
HGDP00935	HGDP	Yoruba	AFR
HGDP00762	HGDP	Japanese	EAS
HGDP00832	HGDP	Surui	AMR
HGDP01283	HGDP	Mandenka	AFR
HGDP01360	HGDP	Basque	EUR
HGDP01195	HGDP	Miao	EAS
HGDP00900	HGDP	Russian	EUR
LP6005442-DNA_H01	HGDP	Yi	EAS
LP6005441-DNA_A05	HGDP	French	EUR
HGDP00515	HGDP	French	EUR
HGDP01380	HGDP	Basque	EUR
HGDP01010	HGDP	Karitiana	AMR
HGDP00937	HGDP	Yoruba	AFR
HGDP00153	HGDP	Makrani	SAS
HGDP00049	HGDP	Brahui	SAS
LP6005441-DNA_D11	HGDP	Sardinian	EUR
SS6004476	HGDP	Karitiana	AMR
LP6005592-DNA_C03	HGDP	MbutiPygmy	AFR
HGDP01285	HGDP	Mandenka	AFR
HGDP00003	HGDP	Brahui	SAS
HGDP01059	HGDP	Pima	AMR
HGDP00037	HGDP	Brahui	SAS
LP6005441-DNA_F12	HGDP	Tujia	EAS
HGDP00189	HGDP	Sindhi	SAS
HGDP01224	HGDP	Mongola	EAS
HGDP01291	HGDP	Han	EAS
HGDP01087	HGDP	BiakaPygmy	AFR
HGDP01321	HGDP	Lahu	EAS
HGDP00761	HGDP	Japanese	EAS
HGDP00828	HGDP	Japanese	EAS
HGDP01374	HGDP	Basque	EUR
HGDP01065	HGDP	Sardinian	EUR
HGDP01180	HGDP	Yi	EAS
HGDP01370	HGDP	Basque	EUR
HGDP00781	HGDP	Han	EAS
HGDP00068	HGDP	Balochi	SAS
HGDP01354	HGDP	Tu	EAS
LP6005442-DNA_D01	HGDP	Xibo	EAS
HGDP00925	HGDP	Yoruba	AFR
HGDP01103	HGDP	Tujia	EAS
HGDP01375	HGDP	Basque	EUR
HGDP00822	HGDP	Han	EAS
HGDP00766	HGDP	Japanese	EAS
HGDP00890	HGDP	Russian	EUR
HGDP01249	HGDP	Xibo	EAS
HGDP00060	HGDP	Balochi	SAS
LP6005441-DNA_C11	HGDP	Sardinian	EUR
HGDP01342	HGDP	Naxi	EAS
HGDP00513	HGDP	French	EUR
LP6005441-DNA_E07	HGDP	Mandenka	AFR
HGDP00517	HGDP	French	EUR
HGDP00470	HGDP	BiakaPygmy	AFR
HGDP00514	HGDP	French	EUR
HGDP01201	HGDP	Mandenka	AFR
HGDP01174	HGDP	Italian	EUR
HGDP01097	HGDP	Tujia	EAS
HGDP00873	HGDP	Maya	AMR
HGDP00708	HGDP	Colombian	AMR
LP6005443-DNA_E01	HGDP	Lahu	EAS
LP6005443-DNA_F02	HGDP	BantuSouthAfrica	AFR
HGDP01068	HGDP	Sardinian	EUR
HGDP00797	HGDP	Orcadian	EUR
HGDP00977	HGDP	Han	EAS
HGDP01019	HGDP	Karitiana	AMR
HGDP00767	HGDP	Japanese	EAS
HGDP01021	HGDP	Han	EAS
HGDP01196	HGDP	Miao	EAS
HGDP01361	HGDP	Basque	EUR
LP6005441-DNA_D08	HGDP	Miao	EAS
HGDP01287	HGDP	Han	EAS
HGDP00537	HGDP	French	EUR
HGDP00750	HGDP	Japanese	EAS
HGDP01419	HGDP	BantuKenya	AFR
HGDP00134	HGDP	Makrani	SAS
LP6005443-DNA_C02	HGDP	Xibo	EAS
HGDP01066	HGDP	Sardinian	EUR
HGDP01151	HGDP	Italian	EUR
HGDP00455	HGDP	BiakaPygmy	AFR
SS6004467	HGDP	Dai	EAS
HGDP00154	HGDP	Makrani	SAS
HGDP00865	HGDP	Maya	AMR
HGDP00912	HGDP	Mandenka	AFR
HGDP01193	HGDP	Miao	EAS
HGDP01081	HGDP	MbutiPygmy	AFR
HGDP00942	HGDP	Yoruba	AFR
HGDP01031	HGDP	BantuSouthAfrica	AFR
HGDP00760	HGDP	Japanese	EAS
HGDP00813	HGDP	Han	EAS
HGDP00774	HGDP	Han	EAS
HGDP01319	HGDP	Lahu	EAS
HGDP00810	HGDP	Orcadian	EUR
HGDP00791	HGDP	Japanese	EAS
HGDP01073	HGDP	Sardinian	EUR
HGDP00918	HGDP	Mandenka	AFR
HGDP01357	HGDP	Basque	EUR
HGDP01310	HGDP	Dai	EAS
LP6005441-DNA_B11	HGDP	San	AFR
HGDP00043	HGDP	Brahui	SAS
HGDP00819	HGDP	Han	EAS
HGDP00971	HGDP	Han	EAS
HGDP00757	HGDP	Japanese	EAS
SS6004469	HGDP	Han	EAS
HGDP00197	HGDP	Sindhi	SAS
HGDP00536	HGDP	French	EUR
HGDP00802	HGDP	Orcadian	EUR
HGDP01057	HGDP	Pima	AMR
HGDP00821	HGDP	Han	EAS
HGDP00151	HGDP	Makrani	SAS
HGDP00177	HGDP	Sindhi	SAS
LP6005441-DNA_B05	HGDP	French	EUR
LP6005441-DNA_D06	HGDP	Japanese	EAS
HGDP00943	HGDP	Yoruba	AFR
HGDP00962	HGDP	Yakut	EAS
HGDP00754	HGDP	Japanese	EAS
HGDP01358	HGDP	Basque	EUR
HGDP00466	HGDP	BiakaPygmy	AFR
HGDP00820	HGDP	Han	EAS
HGDP00140	HGDP	Makrani	SAS
HGDP00807	HGDP	Orcadian	EUR
HGDP01232	HGDP	Mongola	EAS
HGDP00478	HGDP	MbutiPygmy	AFR
HGDP01317	HGDP	Lahu	EAS
HGDP00917	HGDP	Mandenka	AFR
HGDP00469	HGDP	BiakaPygmy	AFR
HGDP01413	HGDP	BantuKenya	AFR
LP6005441-DNA_A11	HGDP	San	AFR
HGDP01099	HGDP	Tujia	EAS
HGDP00092	HGDP	Balochi	SAS
HGDP01221	HGDP	Daur	EAS
HGDP01292	HGDP	Han	EAS
HGDP01363	HGDP	Basque	EUR
HGDP00973	HGDP	Han	EAS
HGDP00882	HGDP	Russian	EUR
HGDP00905	HGDP	Mandenka	AFR
HGDP00143	HGDP	Makrani	SAS
HGDP00864	HGDP	Maya	AMR
HGDP01311	HGDP	Dai	EAS
HGDP01251	HGDP	Xibo	EAS
HGDP00179	HGDP	Sindhi	SAS
HGDP00064	HGDP	Balochi	SAS
HGDP00516	HGDP	French	EUR
HGDP00512	HGDP	French	EUR
HGDP00960	HGDP	Yakut	EAS
HGDP00968	HGDP	Yakut	EAS
HGDP00524	HGDP	French	EUR
HGDP00771	HGDP	Japanese	EAS
HGDP01014	HGDP	Karitiana	AMR
HGDP00450	HGDP	MbutiPygmy	AFR
HGDP00806	HGDP	Orcadian	EUR
HGDP01244	HGDP	Xibo	EAS
HGDP00800	HGDP	Orcadian	EUR
HGDP01189	HGDP	Miao	EAS
HGDP00527	HGDP	French	EUR
HGDP00039	HGDP	Brahui	SAS
HGDP00171	HGDP	Sindhi	SAS
HGDP01156	HGDP	Italian	EUR
SS6004474	HGDP	Sardinian	EUR
HGDP01023	HGDP	Han	EAS
HGDP00790	HGDP	Japanese	EAS
LP6005443-DNA_E09	HGDP	Naxi	EAS
HGDP01322	HGDP	Lahu	EAS
HGDP00786	HGDP	Han	EAS
LP6005441-DNA_B09	HGDP	Naxi	EAS
HGDP01161	HGDP	Tuscan	EUR
HGDP00974	HGDP	Han	EAS
HGDP00909	HGDP	Mandenka	AFR
LP6005443-DNA_A02	HGDP	Tujia	EAS
HGDP00473	HGDP	BiakaPygmy	AFR
HGDP01366	HGDP	Basque	EUR
LP6005441-DNA_B07	HGDP	Lahu	EAS
HGDP01346	HGDP	Naxi	EAS
HGDP00906	HGDP	Mandenka	AFR
HGDP01233	HGDP	Hezhen	EAS
HGDP00815	HGDP	Han	EAS
HGDP00920	HGDP	Yoruba	AFR
HGDP00755	HGDP	Japanese	EAS
HGDP00144	HGDP	Makrani	SAS
HGDP00983	HGDP	MbutiPygmy	AFR
HGDP00763	HGDP	Japanese	EAS
HGDP00464	HGDP	BiakaPygmy	AFR
HGDP00805	HGDP	Orcadian	EUR
HGDP00884	HGDP	Russian	EUR
HGDP01149	HGDP	Italian	EUR
HGDP00518	HGDP	French	EUR
HGDP00183	HGDP	Sindhi	SAS
LP6005441-DNA_C08	HGDP	Miao	EAS
HGDP00934	HGDP	Yoruba	AFR
HGDP00475	HGDP	BiakaPygmy	AFR
HGDP01367	HGDP	Basque	EUR
HGDP00768	HGDP	Japanese	EAS
HGDP00181	HGDP	Sindhi	SAS
HGDP00149	HGDP	Makrani	SAS
HGDP01096	HGDP	Tujia	EAS
LP6005441-DNA_A06	HGDP	Italian	EUR
LP6005442-DNA_G01	HGDP	Yi	EAS
HGDP00465	HGDP	BiakaPygmy	AFR
HGDP00529	HGDP	French	EUR
HGDP00776	HGDP	Han	EAS
HGDP01239	HGDP	Hezhen	EAS
HGDP01167	HGDP	Tuscan	EUR
HGDP01408	HGDP	BantuKenya	AFR
HGDP01376	HGDP	Basque	EUR
HGDP00986	HGDP	BiakaPygmy	AFR
HGDP01241	HGDP	Hezhen	EAS
HGDP00096	HGDP	Balochi	SAS
HGDP00759	HGDP	Japanese	EAS
HGDP00148	HGDP	Makrani	SAS
LP6005443-DNA_E02	HGDP	BantuSouthAfrica	AFR
HGDP01101	HGDP	Tujia	EAS
HGDP00765	HGDP	Japanese	EAS
HGDP00913	HGDP	Mandenka	AFR
HGDP01185	HGDP	Yi	EAS
HGDP01372	HGDP	Basque	EUR
HGDP01069	HGDP	Sardinian	EUR
HGDP00812	HGDP	Han	EAS
HGDP00782	HGDP	Han	EAS
HGDP01169	HGDP	Tuscan	EUR
HGDP01200	HGDP	Mandenka	AFR
HGDP00522	HGDP	French	EUR
HGDP00752	HGDP	Japanese	EAS
HGDP00141	HGDP	Makrani	SAS
HGDP01288	HGDP	Han	EAS
HGDP01216	HGDP	Daur	EAS
HGDP00080	HGDP	Balochi	SAS
HGDP01102	HGDP	Tujia	EAS
HGDP00907	HGDP	Mandenka	AFR
SS6004470	HGDP	Mandenka	AFR
HGDP01056	HGDP	Pima	AMR
HGDP01209	HGDP	Oroqen	EAS
LP6005441-DNA_B06	HGDP	Italian	EUR
HGDP01329	HGDP	She	EAS
HGDP01029	HGDP	San	AFR
LP6005441-DNA_F07	HGDP	Mandenka	AFR
HGDP00468	HGDP	MbutiPygmy	AFR
HGDP00015	HGDP	Brahui	SAS
HGDP01051	HGDP	Pima	AMR
HGDP01062	HGDP	Sardinian	EUR
HGDP00704	HGDP	Colombian	AMR
HGDP00187	HGDP	Sindhi	SAS
HGDP00751	HGDP	Japanese	EAS
HGDP00748	HGDP	Japanese	EAS
HGDP00838	HGDP	Surui	AMR
HGDP00964	HGDP	Yakut	EAS
HGDP00944	HGDP	Yoruba	AFR
HGDP01071	HGDP	Sardinian	EUR
HGDP01334	HGDP	She	EAS
HGDP00970	HGDP	Colombian	AMR
HGDP00538	HGDP	French	EUR
HGDP01194	HGDP	Miao	EAS
HGDP00975	HGDP	Han	EAS
HGDP00519	HGDP	French	EUR
HGDP01294	HGDP	Han	EAS
LP6005443-DNA_G01	HGDP	She	EAS
HGDP01192	HGDP	Miao	EAS
LP6005592-DNA_D03	HGDP	Dai	EAS
HGDP00169	HGDP	Sindhi	SAS
HGDP00021	HGDP	Brahui	SAS
HGDP01318	HGDP	Lahu	EAS
LP6005441-DNA_D05	HGDP	Han	EAS
HGDP01331	HGDP	She	EAS
HGDP01100	HGDP	Tujia	EAS
HGDP00520	HGDP	French	EUR
HGDP00025	HGDP	Brahui	SAS
HGDP01379	HGDP	Basque	EUR
HGDP01077	HGDP	Sardinian	EUR
HGDP00904	HGDP	Mandenka	AFR
HGDP01349	HGDP	Tu	EAS
HGDP01181	HGDP	Yi	EAS
HGDP00772	HGDP	Japanese	EAS
HGDP00753	HGDP	Japanese	EAS
HGDP00914	HGDP	Mandenka	AFR
HGDP00712	HGDP	Cambodian	EAS
HGDP00528	HGDP	French	EUR
SS6004475	HGDP	Yoruba	AFR
HGDP00031	HGDP	Brahui	SAS
HGDP01213	HGDP	Daur	EAS
HGDP00808	HGDP	Orcadian	EUR
HGDP01289	HGDP	Han	EAS
HGDP00135	HGDP	Makrani	SAS
HGDP01182	HGDP	Yi	EAS
HGDP00479	HGDP	BiakaPygmy	AFR
LP6005443-DNA_G08	HGDP	San	AFR
HGDP00167	HGDP	Sindhi	SAS
HGDP01067	HGDP	Sardinian	EUR
HGDP01177	HGDP	Italian	EUR
LP6005442-DNA_A02	HGDP	Yoruba	AFR
HGDP00201	HGDP	Sindhi	SAS
HGDP01237	HGDP	Hezhen	EAS
HGDP01328	HGDP	She	EAS
HGDP01295	HGDP	Han	EAS
HGDP01293	HGDP	Han	EAS
HGDP00803	HGDP	Orcadian	EUR
HGDP00910	HGDP	Mandenka	AFR
HGDP01359	HGDP	Basque	EUR
HGDP00459	HGDP	BiakaPygmy	AFR
HGDP01341	HGDP	Naxi	EAS
HGDP01204	HGDP	Oroqen	EAS
HGDP00525	HGDP	French	EUR
HGDP00462	HGDP	MbutiPygmy	AFR
LP6005441-DNA_H05	HGDP	Hezhen	EAS
HGDP00779	HGDP	Han	EAS
HGDP01064	HGDP	Sardinian	EUR
HGDP00911	HGDP	Mandenka	AFR
HGDP01183	HGDP	Yi	EAS
LP6005441-DNA_G12	HGDP	Tuscan	EUR
HGDP01406	HGDP	BantuKenya	AFR
SS6004468	HGDP	French	EUR
HGDP01369	HGDP	Basque	EUR
HGDP00946	HGDP	Yakut	EAS
LP6005441-DNA_C06	HGDP	Japanese	EAS
LP6005443-DNA_B01	HGDP	Dai	EAS
HGDP00965	HGDP	Yakut	EAS
HGDP01075	HGDP	Sardinian	EUR
HGDP00881	HGDP	Russian	EUR
LP6005441-DNA_C09	HGDP	Orcadian	EUR
HGDP00769	HGDP	Japanese	EAS
HGDP00993	HGDP	BantuSouthAfrica	AFR
HGDP00511	HGDP	French	EUR
HGDP01152	HGDP	Italian	EUR
HGDP00930	HGDP	Yoruba	AFR
HGDP01332	HGDP	She	EAS
LP6005441-DNA_G07	HGDP	Maya	AMR
HGDP00818	HGDP	Han	EAS
HGDP01104	HGDP	Tujia	EAS
SS6004473	HGDP	San	AFR
HGDP00078	HGDP	Balochi	SAS
HGDP00963	HGDP	Yakut	EAS
LP6005441-DNA_D02	HGDP	Basque	EUR
HGDP00976	HGDP	Han	EAS
LP6005441-DNA_A12	HGDP	Surui	AMR
HGDP01190	HGDP	Miao	EAS
HGDP01094	HGDP	BiakaPygmy	AFR
HGDP00523	HGDP	French	EUR
HGDP00467	HGDP	MbutiPygmy	AFR
HGDP01090	HGDP	BiakaPygmy	AFR
LP6005441-DNA_E08	HGDP	Mongola	EAS
HGDP00999	HGDP	Karitiana	AMR
HGDP00535	HGDP	French	EUR
HGDP01070	HGDP	Sardinian	EUR
HGDP00938	HGDP	Yoruba	AFR
HGDP00811	HGDP	Han	EAS
HGDP01009	HGDP	Karitiana	AMR
LP6005443-DNA_F01	HGDP	She	EAS
HGDP01222	HGDP	Daur	EAS
HGDP01186	HGDP	Yi	EAS
LP6005441-DNA_D04	HGDP	Dai	EAS
HGDP00985	HGDP	BiakaPygmy	AFR
HGDP01166	HGDP	Tuscan	EUR
LP6005443-DNA_A01	HGDP	BantuKenya	AFR
HGDP01309	HGDP	Dai	EAS
HGDP00710	HGDP	Colombian	AMR
HGDP00454	HGDP	BiakaPygmy	AFR
HGDP01184	HGDP	Yi	EAS
HGDP00940	HGDP	Yoruba	AFR
HGDP00924	HGDP	Yoruba	AFR
HGDP01225	HGDP	Mongola	EAS
HGDP00886	HGDP	Russian	EUR
HGDP00931	HGDP	Yoruba	AFR
HGDP01337	HGDP	Naxi	EAS
LP6005441-DNA_F01	HGDP	BantuSouthAfrica	AFR
LP6005442-DNA_B02	HGDP	Yoruba	AFR
LP6005441-DNA_A04	HGDP	Colombian	AMR
LP6005441-DNA_H12	HGDP	Tuscan	EUR
LP6005441-DNA_B02	HGDP	BantuKenya	AFR
HGDP00799	HGDP	Orcadian	EUR
HGDP00780	HGDP	Han	EAS
HGDP00764	HGDP	Japanese	EAS
HGDP00205	HGDP	Sindhi	SAS
HGDP01155	HGDP	Italian	EUR
HGDP00671	HGDP	Sardinian	EUR
HGDP00674	HGDP	Sardinian	EUR
HGDP00669	HGDP	Sardinian	EUR
HGDP00672	HGDP	Sardinian	EUR
HGDP00673	HGDP	Sardinian	EUR
HGDP00667	HGDP	Sardinian	EUR
HGDP00670	HGDP	Sardinian	EUR
HGDP00668	HGDP	Sardinian	EUR
HGDP00666	HGDP	Sardinian	EUR
HG00427	1KG	CHS	EAS
HG00477	1KG	CHS	EAS
HG00582	1KG	CHS	EAS
HG00597	1KG	CHS	EAS
HG02524	1KG	KHV	EAS
HG02525	1KG	KHV	EAS
HG02569	1KG	GWD	AFR
HG02625	1KG	GWD	AFR
HG02762	1KG	GWD	AFR
HG02964	1KG	ESN	AFR
HG02965	1KG	ESN	AFR
HG03033	1KG	GWD	AFR
HG03034	1KG	GWD	AFR
HG03251	1KG	GWD	AFR
HG03306	1KG	ESN	AFR
HG03307	1KG	ESN	AFR
HG03309	1KG	ESN	AFR
HG03312	1KG	ESN	AFR
HG03350	1KG	ESN	AFR
HG03373	1KG	ESN	AFR
HG03454	1KG	MSL	AFR
HG03574	1KG	MSL	AFR
HG03582	1KG	MSL	AFR
NA06993	1KG	CEU	EUR
NA07022	1KG	CEU	EUR
NA07031	1KG	CEU	EUR
NA07034	1KG	CEU	EUR
NA07045	1KG	CEU	EUR
NA07055	1KG	CEU	EUR
NA07345	1KG	CEU	EUR
NA07346	1KG	CEU	EUR
NA07435	1KG	CEU	EUR
NA11839	1KG	CEU	EUR
NA11882	1KG	CEU	EUR
NA11891	1KG	CEU	EUR
NA11917	1KG	CEU	EUR
NA11993	1KG	CEU	EUR
NA12056	1KG	CEU	EUR
NA12057	1KG	CEU	EUR
NA12145	1KG	CEU	EUR
NA12146	1KG	CEU	EUR
NA12236	1KG	CEU	EUR
NA12239	1KG	CEU	EUR
NA12248	1KG	CEU	EUR
NA12264	1KG	CEU	EUR
NA12274	1KG	CEU	EUR
NA12343	1KG	CEU	EUR
NA12875	1KG	CEU	EUR
NA12891	1KG	CEU	EUR
NA12892	1KG	CEU	EUR
NA18487	1KG	YRI	AFR
NA18852	1KG	YRI	AFR
NA18855	1KG	YRI	AFR
NA18859	1KG	YRI	AFR
NA18862	1KG	YRI	AFR
NA18913	1KG	YRI	AFR
NA19103	1KG	YRI	AFR
NA19122	1KG	YRI	AFR
NA19127	1KG	YRI	AFR
NA19128	1KG	YRI	AFR
NA19140	1KG	YRI	AFR
NA19150	1KG	YRI	AFR
NA19177	1KG	YRI	AFR
NA19203	1KG	YRI	AFR
NA19224	1KG	YRI	AFR
NA06985	1KG	CEU	EUR
NA06986	1KG	CEU	EUR
NA06994	1KG	CEU	EUR
NA07000	1KG	CEU	EUR
NA07037	1KG	CEU	EUR
NA07051	1KG	CEU	EUR
NA07347	1KG	CEU	EUR
NA07357	1KG	CEU	EUR
NA11829	1KG	CEU	EUR
NA11830	1KG	CEU	EUR
NA11831	1KG	CEU	EUR
NA11832	1KG	CEU	EUR
NA11840	1KG	CEU	EUR
NA11881	1KG	CEU	EUR
NA11894	1KG	CEU	EUR
NA11918	1KG	CEU	EUR
NA11919	1KG	CEU	EUR
NA11920	1KG	CEU	EUR
NA11931	1KG	CEU	EUR
NA11992	1KG	CEU	EUR
NA11994	1KG	CEU	EUR
NA11995	1KG	CEU	EUR
NA12003	1KG	CEU	EUR
NA12004	1KG	CEU	EUR
NA12005	1KG	CEU	EUR
NA12006	1KG	CEU	EUR
NA12043	1KG	CEU	EUR
NA12044	1KG	CEU	EUR
NA12045	1KG	CEU	EUR
NA12144	1KG	CEU	EUR
NA12154	1KG	CEU	EUR
NA12155	1KG	CEU	EUR
NA12156	1KG	CEU	EUR
NA12234	1KG	CEU	EUR
NA12249	1KG	CEU	EUR
NA12287	1KG	CEU	EUR
NA12414	1KG	CEU	EUR
NA12489	1KG	CEU	EUR
NA12716	1KG	CEU	EUR
NA12717	1KG	CEU	EUR
NA12749	1KG	CEU	EUR
NA12750	1KG	CEU	EUR
NA12751	1KG	CEU	EUR
NA12760	1KG	CEU	EUR
NA12761	1KG	CEU	EUR
NA12762	1KG	CEU	EUR
NA12763	1KG	CEU	EUR
NA12776	1KG	CEU	EUR
NA12812	1KG	CEU	EUR
NA12814	1KG	CEU	EUR
NA12815	1KG	CEU	EUR
NA12828	1KG	CEU	EUR
NA12872	1KG	CEU	EUR
NA12873	1KG	CEU	EUR
NA12874	1KG	CEU	EUR
NA18486	1KG	YRI	AFR
NA18489	1KG	YRI	AFR
NA18498	1KG	YRI	AFR
NA18499	1KG	YRI	AFR
NA18501	1KG	YRI	AFR
NA18502	1KG	YRI	AFR
NA18504	1KG	YRI	AFR
NA18505	1KG	YRI	AFR
NA18507	1KG	YRI	AFR
NA18508	1KG	YRI	AFR
NA18510	1KG	YRI	AFR
NA18511	1KG	YRI	AFR
NA18516	1KG	YRI	AFR
NA18517	1KG	YRI	AFR
NA18519	1KG	YRI	AFR
NA18520	1KG	YRI	AFR
NA18522	1KG	YRI	AFR
NA18523	1KG	YRI	AFR
NA18526	1KG	CHB	EAS
NA18532	1KG	CHB	EAS
NA18537	1KG	CHB	EAS
NA18542	1KG	CHB	EAS
NA18545	1KG	CHB	EAS
NA18547	1KG	CHB	EAS
NA18550	1KG	CHB	EAS
NA18552	1KG	CHB	EAS
NA18555	1KG	CHB	EAS
NA18558	1KG	CHB	EAS
NA18561	1KG	CHB	EAS
NA18562	1KG	CHB	EAS
NA18563	1KG	CHB	EAS
NA18564	1KG	CHB	EAS
NA18566	1KG	CHB	EAS
NA18570	1KG	CHB	EAS
NA18571	1KG	CHB	EAS
NA18572	1KG	CHB	EAS
NA18573	1KG	CHB	EAS
NA18577	1KG	CHB	EAS
NA18579	1KG	CHB	EAS
NA18582	1KG	CHB	EAS
NA18592	1KG	CHB	EAS
NA18593	1KG	CHB	EAS
NA18603	1KG	CHB	EAS
NA18605	1KG	CHB	EAS
NA18608	1KG	CHB	EAS
NA18609	1KG	CHB	EAS
NA18638	1KG	CHB	EAS
NA18853	1KG	YRI	AFR
NA18856	1KG	YRI	AFR
NA18858	1KG	YRI	AFR
NA18861	1KG	YRI	AFR
NA18870	1KG	YRI	AFR
NA18871	1KG	YRI	AFR
NA18907	1KG	YRI	AFR
NA18909	1KG	YRI	AFR
NA18912	1KG	YRI	AFR
NA18916	1KG	YRI	AFR
NA18940	1KG	JPT	EAS
NA18942	1KG	JPT	EAS
NA18943	1KG	JPT	EAS
NA18944	1KG	JPT	EAS
NA18945	1KG	JPT	EAS
NA18947	1KG	JPT	EAS
NA18948	1KG	JPT	EAS
NA18949	1KG	JPT	EAS
NA18951	1KG	JPT	EAS
NA18952	1KG	JPT	EAS
NA18953	1KG	JPT	EAS
NA18956	1KG	JPT	EAS
NA18959	1KG	JPT	EAS
NA18960	1KG	JPT	EAS
NA18961	1KG	JPT	EAS
NA18964	1KG	JPT	EAS
NA18965	1KG	JPT	EAS
NA18967	1KG	JPT	EAS
NA18968	1KG	JPT	EAS
NA18969	1KG	JPT	EAS
NA18970	1KG	JPT	EAS
NA18971	1KG	JPT	EAS
NA18972	1KG	JPT	EAS
NA18973	1KG	JPT	EAS
NA18974	1KG	JPT	EAS
NA18975	1KG	JPT	EAS
NA18976	1KG	JPT	EAS
NA18980	1KG	JPT	EAS
NA18981	1KG	JPT	EAS
NA19005	1KG	JPT	EAS
NA19093	1KG	YRI	AFR
NA19098	1KG	YRI	AFR
NA19099	1KG	YRI	AFR
NA19108	1KG	YRI	AFR
NA19114	1KG	YRI	AFR
NA19116	1KG	YRI	AFR
NA19119	1KG	YRI	AFR
NA19131	1KG	YRI	AFR
NA19137	1KG	YRI	AFR
NA19138	1KG	YRI	AFR
NA19141	1KG	YRI	AFR
NA19143	1KG	YRI	AFR
NA19144	1KG	YRI	AFR
NA19147	1KG	YRI	AFR
NA19152	1KG	YRI	AFR
NA19153	1KG	YRI	AFR
NA19159	1KG	YRI	AFR
NA19160	1KG	YRI	AFR
NA19171	1KG	YRI	AFR
NA19172	1KG	YRI	AFR
NA19190	1KG	YRI	AFR
NA19200	1KG	YRI	AFR
NA19201	1KG	YRI	AFR
NA19204	1KG	YRI	AFR
NA19206	1KG	YRI	AFR
NA19207	1KG	YRI	AFR
NA19209	1KG	YRI	AFR
NA19210	1KG	YRI	AFR
NA19239	1KG	YRI	AFR
NA19257	1KG	YRI	AFR
NA07056	1KG	CEU	EUR
NA18614	1KG	CHB	EAS
NA06984	1KG	CEU	EUR
NA06989	1KG	CEU	EUR
NA11843	1KG	CEU	EUR
NA11892	1KG	CEU	EUR
NA11893	1KG	CEU	EUR
NA11930	1KG	CEU	EUR
NA12058	1KG	CEU	EUR
NA12272	1KG	CEU	EUR
NA12273	1KG	CEU	EUR
NA12275	1KG	CEU	EUR
NA12282	1KG	CEU	EUR
NA12283	1KG	CEU	EUR
NA12286	1KG	CEU	EUR
NA12340	1KG	CEU	EUR
NA12341	1KG	CEU	EUR
NA12342	1KG	CEU	EUR
NA12347	1KG	CEU	EUR
NA12348	1KG	CEU	EUR
NA12383	1KG	CEU	EUR
NA12399	1KG	CEU	EUR
NA12400	1KG	CEU	EUR
NA12413	1KG	CEU	EUR
NA12546B	1KG	CEU	EUR
NA12718	1KG	CEU	EUR
NA12748	1KG	CEU	EUR
NA12775	1KG	CEU	EUR
NA12777	1KG	CEU	EUR
NA12778	1KG	CEU	EUR
NA12827	1KG	CEU	EUR
NA12829	1KG	CEU	EUR
NA12830A	1KG	CEU	EUR
NA12842	1KG	CEU	EUR
NA12843	1KG	CEU	EUR
NA12889	1KG	CEU	EUR
NA12890	1KG	CEU	EUR
NA18488	1KG	YRI	AFR
NA18530	1KG	CHB	EAS
NA18534	1KG	CHB	EAS
NA18536	1KG	CHB	EAS
NA18543	1KG	CHB	EAS
NA18544	1KG	CHB	EAS
NA18546	1KG	CHB	EAS
NA18548	1KG	CHB	EAS
NA18549	1KG	CHB	EAS
NA18557	1KG	CHB	EAS
NA18559	1KG	CHB	EAS
NA18595	1KG	CHB	EAS
NA18596	1KG	CHB	EAS
NA18597	1KG	CHB	EAS
NA18599	1KG	CHB	EAS
NA18602	1KG	CHB	EAS
NA18606	1KG	CHB	EAS
NA18610	1KG	CHB	EAS
NA18611	1KG	CHB	EAS
NA18612	1KG	CHB	EAS
NA18613	1KG	CHB	EAS
NA18615	1KG	CHB	EAS
NA18616	1KG	CHB	EAS
NA18617	1KG	CHB	EAS
NA18618	1KG	CHB	EAS
NA18619	1KG	CHB	EAS
NA18620	1KG	CHB	EAS
NA18621	1KG	CHB	EAS
NA18622	1KG	CHB	EAS
NA18623	1KG	CHB	EAS
NA18624	1KG	CHB	EAS
NA18625	1KG	CHB	EAS
NA18626	1KG	CHB	EAS
NA18627	1KG	CHB	EAS
NA18628	1KG	CHB	EAS
NA18630	1KG	CHB	EAS
NA18631	1KG	CHB	EAS
NA18632	1KG	CHB	EAS
NA18633	1KG	CHB	EAS
NA18634	1KG	CHB	EAS
NA18635	1KG	CHB	EAS
NA18636	1KG	CHB	EAS
NA18637	1KG	CHB	EAS
NA18639	1KG	CHB	EAS
NA18640	1KG	CHB	EAS
NA18641	1KG	CHB	EAS
NA18642	1KG	CHB	EAS
NA18643	1KG	CHB	EAS
NA18645	1KG	CHB	EAS
NA18647	1KG	CHB	EAS
NA18740	1KG	CHB	EAS
NA18745	1KG	CHB	EAS
NA18747	1KG	CHB	EAS
NA18748	1KG	CHB	EAS
NA18749	1KG	CHB	EAS
NA18757	1KG	CHB	EAS
NA18867	1KG	YRI	AFR
NA18868	1KG	YRI	AFR
NA18873	1KG	YRI	AFR
NA18874A	1KG	YRI	AFR
NA18908	1KG	YRI	AFR
NA18910	1KG	YRI	AFR
NA18917	1KG	YRI	AFR
NA18923	1KG	YRI	AFR
NA18924	1KG	YRI	AFR
NA18933	1KG	YRI	AFR
NA18934	1KG	YRI	AFR
NA18939	1KG	JPT	EAS
NA18941	1KG	JPT	EAS
NA18946	1KG	JPT	EAS
NA18954	1KG	JPT	EAS
NA18957	1KG	JPT	EAS
NA18962	1KG	JPT	EAS
NA18963	1KG	JPT	EAS
NA18966	1KG	JPT	EAS
NA18977	1KG	JPT	EAS
NA18979	1KG	JPT	EAS
NA18987	1KG	JPT	EAS
NA18990	1KG	JPT	EAS
NA18991	1KG	JPT	EAS
NA18992	1KG	JPT	EAS
NA18993	1KG	JPT	EAS
NA18994	1KG	JPT	EAS
NA18995	1KG	JPT	EAS
NA18997	1KG	JPT	EAS
NA18998	1KG	JPT	EAS
NA18999	1KG	JPT	EAS
NA19000	1KG	JPT	EAS
NA19001	1KG	JPT	EAS
NA19002	1KG	JPT	EAS
NA19003	1KG	JPT	EAS
NA19007	1KG	JPT	EAS
NA19009	1KG	JPT	EAS
NA19010	1KG	JPT	EAS
NA19012	1KG	JPT	EAS
NA19055	1KG	JPT	EAS
NA19056	1KG	JPT	EAS
NA19057	1KG	JPT	EAS
NA19058	1KG	JPT	EAS
NA19059	1KG	JPT	EAS
NA19060	1KG	JPT	EAS
NA19062	1KG	JPT	EAS
NA19063	1KG	JPT	EAS
NA19064	1KG	JPT	EAS
NA19065	1KG	JPT	EAS
NA19066	1KG	JPT	EAS
NA19067	1KG	JPT	EAS
NA19068	1KG	JPT	EAS
NA19070	1KG	JPT	EAS
NA19072	1KG	JPT	EAS
NA19074	1KG	JPT	EAS
NA19075	1KG	JPT	EAS
NA19076	1KG	JPT	EAS
NA19077	1KG	JPT	EAS
NA19078	1KG	JPT	EAS
NA19079	1KG	JPT	EAS
NA19080	1KG	JPT	EAS
NA19081	1KG	JPT	EAS
NA19082	1KG	JPT	EAS
NA19083	1KG	JPT	EAS
NA19084	1KG	JPT	EAS
NA19085	1KG	JPT	EAS
NA19086	1KG	JPT	EAS
NA19087	1KG	JPT	EAS
NA19088	1KG	JPT	EAS
NA19092	1KG	YRI	AFR
NA19095	1KG	YRI	AFR
NA19096	1KG	YRI	AFR
NA19107	1KG	YRI	AFR
NA19113	1KG	YRI	AFR
NA19117	1KG	YRI	AFR
NA19118	1KG	YRI	AFR
NA19121	1KG	YRI	AFR
NA19130	1KG	YRI	AFR
NA19146	1KG	YRI	AFR
NA19149	1KG	YRI	AFR
NA19184	1KG	YRI	AFR
NA19185	1KG	YRI	AFR
NA19189	1KG	YRI	AFR
NA19197	1KG	YRI	AFR
NA19198	1KG	YRI	AFR
NA19213	1KG	YRI	AFR
NA19214	1KG	YRI	AFR
NA19223	1KG	YRI	AFR
NA19235	1KG	YRI	AFR
NA19236	1KG	YRI	AFR
NA19247	1KG	YRI	AFR
NA19248	1KG	YRI	AFR
NA19256	1KG	YRI	AFR
NA11932	1KG	CEU	EUR
NA11933	1KG	CEU	EUR
NA12046	1KG	CEU	EUR
NA18525	1KG	CHB	EAS
NA18528	1KG	CHB	EAS
NA18531	1KG	CHB	EAS
NA18533	1KG	CHB	EAS
NA18535	1KG	CHB	EAS
NA18538	1KG	CHB	EAS
NA18539	1KG	CHB	EAS
NA18541	1KG	CHB	EAS
NA18553	1KG	CHB	EAS
NA18560	1KG	CHB	EAS
NA18565	1KG	CHB	EAS
NA18567	1KG	CHB	EAS
NA18574	1KG	CHB	EAS
NA18591	1KG	CHB	EAS
NA18629	1KG	CHB	EAS
NA18644	1KG	CHB	EAS
NA18646	1KG	CHB	EAS
NA18648	1KG	CHB	EAS
NA18865	1KG	YRI	AFR
NA18876	1KG	YRI	AFR
NA18877	1KG	YRI	AFR
NA18878	1KG	YRI	AFR
NA18879	1KG	YRI	AFR
NA18881	1KG	YRI	AFR
NA18915	1KG	YRI	AFR
NA18950	1KG	JPT	EAS
NA18982	1KG	JPT	EAS
NA18983	1KG	JPT	EAS
NA18984	1KG	JPT	EAS
NA18985	1KG	JPT	EAS
NA18986	1KG	JPT	EAS
NA18988	1KG	JPT	EAS
NA18989	1KG	JPT	EAS
NA19004	1KG	JPT	EAS
NA19006	1KG	JPT	EAS
NA19011	1KG	JPT	EAS
NA19017	1KG	LWK	AFR
NA19019	1KG	LWK	AFR
NA19020	1KG	LWK	AFR
NA19023	1KG	LWK	AFR
NA19024	1KG	LWK	AFR
NA19025	1KG	LWK	AFR
NA19026	1KG	LWK	AFR
NA19028	1KG	LWK	AFR
NA19030	1KG	LWK	AFR
NA19031	1KG	LWK	AFR
NA19035	1KG	LWK	AFR
NA19036	1KG	LWK	AFR
NA19038	1KG	LWK	AFR
NA19041	1KG	LWK	AFR
NA19042	1KG	LWK	AFR
NA19043	1KG	LWK	AFR
NA19089	1KG	JPT	EAS
NA19090	1KG	JPT	EAS
NA19091	1KG	JPT	EAS
NA19308	1KG	LWK	AFR
NA19309	1KG	LWK	AFR
NA19310	1KG	LWK	AFR
NA19312	1KG	LWK	AFR
NA19314	1KG	LWK	AFR
NA19315	1KG	LWK	AFR
NA19316	1KG	LWK	AFR
NA19317	1KG	LWK	AFR
NA19318	1KG	LWK	AFR
NA19319	1KG	LWK	AFR
NA19320	1KG	LWK	AFR
NA19321	1KG	LWK	AFR
NA19323	1KG	LWK	AFR
NA19324	1KG	LWK	AFR
NA19327	1KG	LWK	AFR
NA19328	1KG	LWK	AFR
NA19331	1KG	LWK	AFR
NA19338	1KG	LWK	AFR
NA19346	1KG	LWK	AFR
NA19347	1KG	LWK	AFR
NA19350	1KG	LWK	AFR
NA19351	1KG	LWK	AFR
NA19360	1KG	LWK	AFR
NA19372	1KG	LWK	AFR
NA19374	1KG	LWK	AFR
NA19375	1KG	LWK	AFR
NA19376	1KG	LWK	AFR
NA19377	1KG	LWK	AFR
NA19378	1KG	LWK	AFR
NA19379	1KG	LWK	AFR
NA19380	1KG	LWK	AFR
NA19383	1KG	LWK	AFR
NA19385	1KG	LWK	AFR
NA19390	1KG	LWK	AFR
NA19391	1KG	LWK	AFR
NA19393	1KG	LWK	AFR
NA19394	1KG	LWK	AFR
NA19397	1KG	LWK	AFR
NA19399	1KG	LWK	AFR
NA19401	1KG	LWK	AFR
NA19403	1KG	LWK	AFR
NA19404	1KG	LWK	AFR
NA19428	1KG	LWK	AFR
NA19429	1KG	LWK	AFR
NA19430	1KG	LWK	AFR
NA19431	1KG	LWK	AFR
NA19434	1KG	LWK	AFR
NA19435	1KG	LWK	AFR
NA19436	1KG	LWK	AFR
NA19437	1KG	LWK	AFR
NA19438	1KG	LWK	AFR
NA19439	1KG	LWK	AFR
NA19440	1KG	LWK	AFR
NA19443	1KG	LWK	AFR
NA19445	1KG	LWK	AFR
NA19446	1KG	LWK	AFR
NA19448	1KG	LWK	AFR
NA19449	1KG	LWK	AFR
NA19452	1KG	LWK	AFR
NA19454	1KG	LWK	AFR
NA19455	1KG	LWK	AFR
NA19456	1KG	LWK	AFR
NA19457	1KG	LWK	AFR
NA19461	1KG	LWK	AFR
NA19462	1KG	LWK	AFR
NA19463	1KG	LWK	AFR
NA19466	1KG	LWK	AFR
NA19467	1KG	LWK	AFR
NA19468	1KG	LWK	AFR
NA19471	1KG	LWK	AFR
NA19472	1KG	LWK	AFR
NA19473	1KG	LWK	AFR
NA19474	1KG	LWK	AFR
NA19475	1KG	LWK	AFR
NA20502	1KG	TSI	EUR
NA20503	1KG	TSI	EUR
NA20504	1KG	TSI	EUR
NA20505	1KG	TSI	EUR
NA20507	1KG	TSI	EUR
NA20508	1KG	TSI	EUR
NA20509	1KG	TSI	EUR
NA20510	1KG	TSI	EUR
NA20511	1KG	TSI	EUR
NA20512	1KG	TSI	EUR
NA20513	1KG	TSI	EUR
NA20514	1KG	TSI	EUR
NA20515	1KG	TSI	EUR
NA20516	1KG	TSI	EUR
NA20517	1KG	TSI	EUR
NA20518	1KG	TSI	EUR
NA20519	1KG	TSI	EUR
NA20520	1KG	TSI	EUR
NA20521	1KG	TSI	EUR
NA20522	1KG	TSI	EUR
NA20524	1KG	TSI	EUR
NA20525	1KG	TSI	EUR
NA20527	1KG	TSI	EUR
NA20528	1KG	TSI	EUR
NA20529	1KG	TSI	EUR
NA20531	1KG	TSI	EUR
NA20532	1KG	TSI	EUR
NA20534	1KG	TSI	EUR
NA20535	1KG	TSI	EUR
NA20536	1KG	TSI	EUR
NA20538	1KG	TSI	EUR
NA20539	1KG	TSI	EUR
NA20540	1KG	TSI	EUR
NA20541	1KG	TSI	EUR
NA20542	1KG	TSI	EUR
NA20543	1KG	TSI	EUR
NA20544	1KG	TSI	EUR
NA20581	1KG	TSI	EUR
NA20582	1KG	TSI	EUR
NA20585	1KG	TSI	EUR
NA20586	1KG	TSI	EUR
NA20587	1KG	TSI	EUR
NA20588	1KG	TSI	EUR
NA20589	1KG	TSI	EUR
NA20752	1KG	TSI	EUR
NA20753	1KG	TSI	EUR
NA20754	1KG	TSI	EUR
NA20755	1KG	TSI	EUR
NA20756	1KG	TSI	EUR
NA20757	1KG	TSI	EUR
NA20758	1KG	TSI	EUR
NA20759	1KG	TSI	EUR
NA20760	1KG	TSI	EUR
NA20761	1KG	TSI	EUR
NA20762	1KG	TSI	EUR
NA20763	1KG	TSI	EUR
NA20764	1KG	TSI	EUR
NA20765	1KG	TSI	EUR
NA20766	1KG	TSI	EUR
NA20767	1KG	TSI	EUR
NA20768	1KG	TSI	EUR
NA20769	1KG	TSI	EUR
NA20770	1KG	TSI	EUR
NA20771	1KG	TSI	EUR
NA20772	1KG	TSI	EUR
NA20773	1KG	TSI	EUR
NA20774	1KG	TSI	EUR
NA20775	1KG	TSI	EUR
NA20778	1KG	TSI	EUR
NA20783	1KG	TSI	EUR
NA20785	1KG	TSI	EUR
NA20786	1KG	TSI	EUR
NA20787	1KG	TSI	EUR
NA20790	1KG	TSI	EUR
NA20792	1KG	TSI	EUR
NA20795	1KG	TSI	EUR
NA20796	1KG	TSI	EUR
NA20797	1KG	TSI	EUR
NA20798	1KG	TSI	EUR
NA20799	1KG	TSI	EUR
NA20800	1KG	TSI	EUR
NA20801	1KG	TSI	EUR
NA20802	1KG	TSI	EUR
NA20803	1KG	TSI	EUR
NA20804	1KG	TSI	EUR
NA20805	1KG	TSI	EUR
NA20806	1KG	TSI	EUR
NA20807	1KG	TSI	EUR
NA20808	1KG	TSI	EUR
NA20809	1KG	TSI	EUR
NA20810	1KG	TSI	EUR
NA20811	1KG	TSI	EUR
NA20812	1KG	TSI	EUR
NA20813	1KG	TSI	EUR
NA20814	1KG	TSI	EUR
NA20815	1KG	TSI	EUR
NA20818	1KG	TSI	EUR
NA20819	1KG	TSI	EUR
NA20821	1KG	TSI	EUR
NA20822	1KG	TSI	EUR
NA20826	1KG	TSI	EUR
NA20827	1KG	TSI	EUR
NA20828	1KG	TSI	EUR
NA19222	1KG	YRI	AFR
NA20291	1KG	ASW	AFR
HG00096	1KG	GBR	EUR
HG00097	1KG	GBR	EUR
HG00099	1KG	GBR	EUR
HG00100	1KG	GBR	EUR
HG00101	1KG	GBR	EUR
HG00102	1KG	GBR	EUR
HG00103	1KG	GBR	EUR
HG00105	1KG	GBR	EUR
HG00106	1KG	GBR	EUR
HG00107	1KG	GBR	EUR
HG00108	1KG	GBR	EUR
HG00109	1KG	GBR	EUR
HG00110	1KG	GBR	EUR
HG00111	1KG	GBR	EUR
HG00112	1KG	GBR	EUR
HG00113	1KG	GBR	EUR
HG00114	1KG	GBR	EUR
HG00115	1KG	GBR	EUR
HG00117	1KG	GBR	EUR
HG00120	1KG	GBR	EUR
HG00127	1KG	GBR	EUR
HG00128	1KG	GBR	EUR
HG00129	1KG	GBR	EUR
HG00130	1KG	GBR	EUR
HG00131	1KG	GBR	EUR
HG00132	1KG	GBR	EUR
HG00133	1KG	GBR	EUR
HG00136	1KG	GBR	EUR
HG00137	1KG	GBR	EUR
HG00138	1KG	GBR	EUR
HG00139	1KG	GBR	EUR
HG00140	1KG	GBR	EUR
HG00141	1KG	GBR	EUR
HG00142	1KG	GBR	EUR
HG00143	1KG	GBR	EUR
HG00145	1KG	GBR	EUR
HG00146	1KG	GBR	EUR
HG00148	1KG	GBR	EUR
HG00149	1KG	GBR	EUR
HG00150	1KG	GBR	EUR
HG00151	1KG	GBR	EUR
HG00155	1KG	GBR	EUR
HG00157	1KG	GBR	EUR
HG00158	1KG	GBR	EUR
HG00160	1KG	GBR	EUR
HG00173	1KG	FIN	EUR
HG00174	1KG	FIN	EUR
HG00176	1KG	FIN	EUR
HG00178	1KG	FIN	EUR
HG00179	1KG	FIN	EUR
HG00180	1KG	FIN	EUR
HG00181	1KG	FIN	EUR
HG00182	1KG	FIN	EUR
HG00183	1KG	FIN	EUR
HG00186	1KG	FIN	EUR
HG00188	1KG	FIN	EUR
HG00189	1KG	FIN	EUR
HG00190	1KG	FIN	EUR
HG00233	1KG	GBR	EUR
HG00234	1KG	GBR	EUR
HG00235	1KG	GBR	EUR
HG00240	1KG	GBR	EUR
HG00255	1KG	GBR	EUR
HG00442	1KG	CHS	EAS
HG00443	1KG	CHS	EAS
HG00445	1KG	CHS	EAS
HG00446	1KG	CHS	EAS
HG00448	1KG	CHS	EAS
HG00449	1KG	CHS	EAS
HG00451	1KG	CHS	EAS
HG00452	1KG	CHS	EAS
HG00463	1KG	CHS	EAS
HG00464	1KG	CHS	EAS
HG00118	1KG	GBR	EUR
HG00119	1KG	GBR	EUR
HG00121	1KG	GBR	EUR
HG00122	1KG	GBR	EUR
HG00123	1KG	GBR	EUR
HG00125	1KG	GBR	EUR
HG00126	1KG	GBR	EUR
HG00159	1KG	GBR	EUR
HG00231	1KG	GBR	EUR
HG00232	1KG	GBR	EUR
HG00236	1KG	GBR	EUR
HG00237	1KG	GBR	EUR
HG00239	1KG	GBR	EUR
HG00242	1KG	GBR	EUR
HG00243	1KG	GBR	EUR
HG00244	1KG	GBR	EUR
HG00245	1KG	GBR	EUR
HG00252	1KG	GBR	EUR
HG00253	1KG	GBR	EUR
HG00254	1KG	GBR	EUR
HG00256	1KG	GBR	EUR
HG00257	1KG	GBR	EUR
HG00258	1KG	GBR	EUR
HG00259	1KG	GBR	EUR
HG00260	1KG	GBR	EUR
HG00261	1KG	GBR	EUR
HG00262	1KG	GBR	EUR
HG00263	1KG	GBR	EUR
HG00264	1KG	GBR	EUR
HG00265	1KG	GBR	EUR
HG00266	1KG	FIN	EUR
HG00268	1KG	FIN	EUR
HG00269	1KG	FIN	EUR
HG00273	1KG	FIN	EUR
HG00306	1KG	FIN	EUR
HG00308	1KG	FIN	EUR
HG00309	1KG	FIN	EUR
HG00311	1KG	FIN	EUR
HG00313	1KG	FIN	EUR
HG00315	1KG	FIN	EUR
HG00318	1KG	FIN	EUR
HG00319	1KG	FIN	EUR
HG00320	1KG	FIN	EUR
HG00321	1KG	FIN	EUR
HG00323	1KG	FIN	EUR
HG00327	1KG	FIN	EUR
HG00328	1KG	FIN	EUR
HG00335	1KG	FIN	EUR
HG00336	1KG	FIN	EUR
HG00337	1KG	FIN	EUR
HG00338	1KG	FIN	EUR
HG00339	1KG	FIN	EUR
HG00342	1KG	FIN	EUR
HG00343	1KG	FIN	EUR
HG00344	1KG	FIN	EUR
HG00345	1KG	FIN	EUR
HG00346	1KG	FIN	EUR
HG00349	1KG	FIN	EUR
HG00350	1KG	FIN	EUR
HG00351	1KG	FIN	EUR
HG00353	1KG	FIN	EUR
HG00355	1KG	FIN	EUR
HG00356	1KG	FIN	EUR
HG00357	1KG	FIN	EUR
HG00360	1KG	FIN	EUR
HG00362	1KG	FIN	EUR
HG00364	1KG	FIN	EUR
HG00365	1KG	FIN	EUR
HG00366	1KG	FIN	EUR
HG00367	1KG	FIN	EUR
HG00369	1KG	FIN	EUR
HG00371	1KG	FIN	EUR
HG00372	1KG	FIN	EUR
HG00375	1KG	FIN	EUR
HG00376	1KG	FIN	EUR
HG00378	1KG	FIN	EUR
HG00379	1KG	FIN	EUR
HG00380	1KG	FIN	EUR
HG00381	1KG	FIN	EUR
HG00382	1KG	FIN	EUR
HG00384	1KG	FIN	EUR
HG00403	1KG	CHS	EAS
HG00404	1KG	CHS	EAS
HG00406	1KG	CHS	EAS
HG00407	1KG	CHS	EAS
HG00419	1KG	CHS	EAS
HG00421	1KG	CHS	EAS
HG00422	1KG	CHS	EAS
HG00428	1KG	CHS	EAS
HG00436	1KG	CHS	EAS
HG00437	1KG	CHS	EAS
HG00457	1KG	CHS	EAS
HG00458	1KG	CHS	EAS
HG00472	1KG	CHS	EAS
HG00473	1KG	CHS	EAS
HG00478	1KG	CHS	EAS
HG00479	1KG	CHS	EAS
HG00500	1KG	CHS	EAS
HG00513	1KG	CHS	EAS
HG00524	1KG	CHS	EAS
HG00525	1KG	CHS	EAS
HG00530	1KG	CHS	EAS
HG00531	1KG	CHS	EAS
HG00533	1KG	CHS	EAS
HG00534	1KG	CHS	EAS
HG00536	1KG	CHS	EAS
HG00537	1KG	CHS	EAS
HG00542	1KG	CHS	EAS
HG00543	1KG	CHS	EAS
HG00556	1KG	CHS	EAS
HG00557	1KG	CHS	EAS
HG00559	1KG	CHS	EAS
HG00560	1KG	CHS	EAS
HG00565	1KG	CHS	EAS
HG00566	1KG	CHS	EAS
HG00583	1KG	CHS	EAS
HG00584	1KG	CHS	EAS
HG00589	1KG	CHS	EAS
HG00590	1KG	CHS	EAS
HG00592	1KG	CHS	EAS
HG00593	1KG	CHS	EAS
HG00607	1KG	CHS	EAS
HG00608	1KG	CHS	EAS
HG00610	1KG	CHS	EAS
HG00611	1KG	CHS	EAS
HG00613	1KG	CHS	EAS
HG00614	1KG	CHS	EAS
HG00619	1KG	CHS	EAS
HG00620	1KG	CHS	EAS
HG00625	1KG	CHS	EAS
HG00626	1KG	CHS	EAS
HG00628	1KG	CHS	EAS
HG00629	1KG	CHS	EAS
HG00634	1KG	CHS	EAS
HG00650	1KG	CHS	EAS
HG00651	1KG	CHS	EAS
HG00653	1KG	CHS	EAS
HG00654	1KG	CHS	EAS
HG00656	1KG	CHS	EAS
HG00657	1KG	CHS	EAS
HG00662	1KG	CHS	EAS
HG00663	1KG	CHS	EAS
HG00671	1KG	CHS	EAS
HG00672	1KG	CHS	EAS
HG00683	1KG	CHS	EAS
HG00684	1KG	CHS	EAS
HG00689	1KG	CHS	EAS
HG00690	1KG	CHS	EAS
HG00692	1KG	CHS	EAS
HG00693	1KG	CHS	EAS
HG00698	1KG	CHS	EAS
HG00699	1KG	CHS	EAS
HG00701	1KG	CHS	EAS
HG00704	1KG	CHS	EAS
HG00705	1KG	CHS	EAS
HG00707	1KG	CHS	EAS
HG00708	1KG	CHS	EAS
HG00717	1KG	CHS	EAS
HG00246	1KG	GBR	EUR
HG00250	1KG	GBR	EUR
HG00251	1KG	GBR	EUR
HG00274	1KG	FIN	EUR
HG00275	1KG	FIN	EUR
HG00276	1KG	FIN	EUR
HG00277	1KG	FIN	EUR
HG00278	1KG	FIN	EUR
HG00280	1KG	FIN	EUR
HG00281	1KG	FIN	EUR
HG00282	1KG	FIN	EUR
HG00284	1KG	FIN	EUR
HG00285	1KG	FIN	EUR
HG00310	1KG	FIN	EUR
HG00324	1KG	FIN	EUR
HG00326	1KG	FIN	EUR
HG00329	1KG	FIN	EUR
HG00330	1KG	FIN	EUR
HG00331	1KG	FIN	EUR
HG00332	1KG	FIN	EUR
HG00334	1KG	FIN	EUR
HG00341	1KG	FIN	EUR
HG00383	1KG	FIN	EUR
HG01334	1KG	GBR	EUR
HG01500	1KG	IBS	EUR
HG01501	1KG	IBS	EUR
HG01503	1KG	IBS	EUR
HG01504	1KG	IBS	EUR
HG01506	1KG	IBS	EUR
HG01507	1KG	IBS	EUR
HG01509	1KG	IBS	EUR
HG01510	1KG	IBS	EUR
HG01512	1KG	IBS	EUR
HG01513	1KG	IBS	EUR
HG01515	1KG	IBS	EUR
HG01516	1KG	IBS	EUR
HG01518	1KG	IBS	EUR
HG01519	1KG	IBS	EUR
HG01521	1KG	IBS	EUR
HG01522	1KG	IBS	EUR
HG01524	1KG	IBS	EUR
HG01525	1KG	IBS	EUR
HG01527	1KG	IBS	EUR
HG01528	1KG	IBS	EUR
HG01530	1KG	IBS	EUR
HG01531	1KG	IBS	EUR
HG01536	1KG	IBS	EUR
HG01537	1KG	IBS	EUR
HG01602	1KG	IBS	EUR
HG01603	1KG	IBS	EUR
HG01605	1KG	IBS	EUR
HG01606	1KG	IBS	EUR
HG01607	1KG	IBS	EUR
HG01608	1KG	IBS	EUR
HG01610	1KG	IBS	EUR
HG01612	1KG	IBS	EUR
HG01613	1KG	IBS	EUR
HG01615	1KG	IBS	EUR
HG01617	1KG	IBS	EUR
HG01618	1KG	IBS	EUR
HG01619	1KG	IBS	EUR
HG01620	1KG	IBS	EUR
HG01623	1KG	IBS	EUR
HG01624	1KG	IBS	EUR
HG01625	1KG	IBS	EUR
HG01626	1KG	IBS	EUR
HG01631	1KG	IBS	EUR
HG01632	1KG	IBS	EUR
HG01668	1KG	IBS	EUR
HG01669	1KG	IBS	EUR
HG01670	1KG	IBS	EUR
HG01672	1KG	IBS	EUR
HG01673	1KG	IBS	EUR
HG01675	1KG	IBS	EUR
HG01676	1KG	IBS	EUR
HG01678	1KG	IBS	EUR
HG01679	1KG	IBS	EUR
HG01680	1KG	IBS	EUR
HG01682	1KG	IBS	EUR
HG01684	1KG	IBS	EUR
HG01685	1KG	IBS	EUR
HG01686	1KG	IBS	EUR
HG01700	1KG	IBS	EUR
HG01702	1KG	IBS	EUR
HG01704	1KG	IBS	EUR
HG01705	1KG	IBS	EUR
HG01707	1KG	IBS	EUR
HG01708	1KG	IBS	EUR
HG01920	1KG	PEL	AMR
HG01926	1KG	PEL	AMR
HG01938	1KG	PEL	AMR
HG01951	1KG	PEL	AMR
HG02017	1KG	KHV	EAS
HG02020	1KG	KHV	EAS
HG02019	1KG	KHV	EAS
HG02023	1KG	KHV	EAS
HG02026	1KG	KHV	EAS
HG02025	1KG	KHV	EAS
HG02029	1KG	KHV	EAS
HG02028	1KG	KHV	EAS
HG02058	1KG	KHV	EAS
HG02057	1KG	KHV	EAS
HG02070	1KG	KHV	EAS
HG02069	1KG	KHV	EAS
HG02073	1KG	KHV	EAS
HG02072	1KG	KHV	EAS
HG02076	1KG	KHV	EAS
HG02075	1KG	KHV	EAS
HG02079	1KG	KHV	EAS
HG02078	1KG	KHV	EAS
HG02082	1KG	KHV	EAS
HG02081	1KG	KHV	EAS
HG02085	1KG	KHV	EAS
HG02084	1KG	KHV	EAS
HG02134	1KG	KHV	EAS
HG02133	1KG	KHV	EAS
HG01841	1KG	KHV	EAS
HG01595	1KG	KHV	EAS
HG01596	1KG	KHV	EAS
HG01597	1KG	KHV	EAS
HG01598	1KG	KHV	EAS
HG01599	1KG	KHV	EAS
HG01600	1KG	KHV	EAS
HG01840	1KG	KHV	EAS
HG01842	1KG	KHV	EAS
HG01843	1KG	KHV	EAS
HG01844	1KG	KHV	EAS
HG01845	1KG	KHV	EAS
HG01846	1KG	KHV	EAS
HG01847	1KG	KHV	EAS
HG01848	1KG	KHV	EAS
HG01849	1KG	KHV	EAS
HG01850	1KG	KHV	EAS
HG01851	1KG	KHV	EAS
HG01852	1KG	KHV	EAS
HG01853	1KG	KHV	EAS
HG01855	1KG	KHV	EAS
HG01857	1KG	KHV	EAS
HG01858	1KG	KHV	EAS
HG01859	1KG	KHV	EAS
HG01860	1KG	KHV	EAS
HG01861	1KG	KHV	EAS
HG01862	1KG	KHV	EAS
HG01863	1KG	KHV	EAS
HG01864	1KG	KHV	EAS
HG01865	1KG	KHV	EAS
HG01866	1KG	KHV	EAS
HG01867	1KG	KHV	EAS
HG01868	1KG	KHV	EAS
HG01869	1KG	KHV	EAS
HG01870	1KG	KHV	EAS
HG01871	1KG	KHV	EAS
HG01872	1KG	KHV	EAS
HG01873	1KG	KHV	EAS
HG01874	1KG	KHV	EAS
HG01878	1KG	KHV	EAS
HG02048	1KG	KHV	EAS
HG02049	1KG	KHV	EAS
HG02086	1KG	KHV	EAS
HG02087	1KG	KHV	EAS
HG02088	1KG	KHV	EAS
HG02138	1KG	KHV	EAS
HG02139	1KG	KHV	EAS
HG02140	1KG	KHV	EAS
HG01695	1KG	IBS	EUR
HG01709	1KG	IBS	EUR
HG01710	1KG	IBS	EUR
HG01747	1KG	IBS	EUR
HG01746	1KG	IBS	EUR
HG01756	1KG	IBS	EUR
HG01757	1KG	IBS	EUR
HG01761	1KG	IBS	EUR
HG01762	1KG	IBS	EUR
HG01771	1KG	IBS	EUR
HG01770	1KG	IBS	EUR
HG01775	1KG	IBS	EUR
HG01773	1KG	IBS	EUR
HG01777	1KG	IBS	EUR
HG01776	1KG	IBS	EUR
HG01781	1KG	IBS	EUR
HG01779	1KG	IBS	EUR
HG00759	1KG	CDX	EAS
HG00766	1KG	CDX	EAS
HG00844	1KG	CDX	EAS
HG00851	1KG	CDX	EAS
HG00864	1KG	CDX	EAS
HG00867	1KG	CDX	EAS
HG00879	1KG	CDX	EAS
HG00956	1KG	CDX	EAS
HG00978	1KG	CDX	EAS
HG00982	1KG	CDX	EAS
HG01028	1KG	CDX	EAS
HG01029	1KG	CDX	EAS
HG01031	1KG	CDX	EAS
HG01046	1KG	CDX	EAS
HG01794	1KG	CDX	EAS
HG01795	1KG	CDX	EAS
HG01796	1KG	CDX	EAS
HG01797	1KG	CDX	EAS
HG01798	1KG	CDX	EAS
HG01799	1KG	CDX	EAS
HG01800	1KG	CDX	EAS
HG01801	1KG	CDX	EAS
HG01802	1KG	CDX	EAS
HG01804	1KG	CDX	EAS
HG01805	1KG	CDX	EAS
HG01806	1KG	CDX	EAS
HG01807	1KG	CDX	EAS
HG01808	1KG	CDX	EAS
HG01809	1KG	CDX	EAS
HG01810	1KG	CDX	EAS
HG01811	1KG	CDX	EAS
HG01812	1KG	CDX	EAS
HG01813	1KG	CDX	EAS
HG02151	1KG	CDX	EAS
HG01815	1KG	CDX	EAS
HG01816	1KG	CDX	EAS
HG01817	1KG	CDX	EAS
HG02152	1KG	CDX	EAS
HG02153	1KG	CDX	EAS
HG02154	1KG	CDX	EAS
HG02155	1KG	CDX	EAS
HG02156	1KG	CDX	EAS
HG02164	1KG	CDX	EAS
HG02165	1KG	CDX	EAS
HG02166	1KG	CDX	EAS
HG02178	1KG	CDX	EAS
HG02180	1KG	CDX	EAS
HG02181	1KG	CDX	EAS
HG02182	1KG	CDX	EAS
HG02184	1KG	CDX	EAS
HG02185	1KG	CDX	EAS
HG02186	1KG	CDX	EAS
HG02187	1KG	CDX	EAS
HG02188	1KG	CDX	EAS
HG02190	1KG	CDX	EAS
HG01789	1KG	GBR	EUR
HG01790	1KG	GBR	EUR
HG01791	1KG	GBR	EUR
HG02215	1KG	GBR	EUR
HG01882	1KG	ACB	AFR
HG01885	1KG	ACB	AFR
HG01889	1KG	ACB	AFR
HG01783	1KG	IBS	EUR
HG01784	1KG	IBS	EUR
HG02221	1KG	IBS	EUR
HG02220	1KG	IBS	EUR
HG02236	1KG	IBS	EUR
HG02235	1KG	IBS	EUR
HG02113	1KG	KHV	EAS
HG02141	1KG	KHV	EAS
HG02122	1KG	KHV	EAS
HG02121	1KG	KHV	EAS
HG02128	1KG	KHV	EAS
HG02127	1KG	KHV	EAS
HG02373	1KG	CDX	EAS
HG02394	1KG	CDX	EAS
HG02396	1KG	CDX	EAS
HG02397	1KG	CDX	EAS
HG01990	1KG	ACB	AFR
HG02053	1KG	ACB	AFR
HG02314	1KG	ACB	AFR
HG02281	1KG	ACB	AFR
HG02317	1KG	ACB	AFR
HG02318	1KG	ACB	AFR
HG02259	1KG	PEL	AMR
HG02271	1KG	PEL	AMR
HG02272	1KG	PEL	AMR
HG02291	1KG	PEL	AMR
HG01699	1KG	IBS	EUR
HG01697	1KG	IBS	EUR
HG02224	1KG	IBS	EUR
HG02223	1KG	IBS	EUR
HG02231	1KG	IBS	EUR
HG02230	1KG	IBS	EUR
HG02238	1KG	IBS	EUR
HG02239	1KG	IBS	EUR
HG02032	1KG	KHV	EAS
HG02031	1KG	KHV	EAS
HG02050	1KG	KHV	EAS
HG02250	1KG	CDX	EAS
HG02351	1KG	CDX	EAS
HG02353	1KG	CDX	EAS
HG02355	1KG	CDX	EAS
HG02356	1KG	CDX	EAS
HG02360	1KG	CDX	EAS
HG02364	1KG	CDX	EAS
HG02367	1KG	CDX	EAS
HG02371	1KG	CDX	EAS
HG02374	1KG	CDX	EAS
HG02375	1KG	CDX	EAS
HG02380	1KG	CDX	EAS
HG02382	1KG	CDX	EAS
HG02383	1KG	CDX	EAS
HG02384	1KG	CDX	EAS
HG02385	1KG	CDX	EAS
HG02386	1KG	CDX	EAS
HG02389	1KG	CDX	EAS
HG02390	1KG	CDX	EAS
HG02391	1KG	CDX	EAS
HG02392	1KG	CDX	EAS
HG02395	1KG	CDX	EAS
HG02398	1KG	CDX	EAS
HG02399	1KG	CDX	EAS
HG02401	1KG	CDX	EAS
HG02402	1KG	CDX	EAS
HG02406	1KG	CDX	EAS
HG02407	1KG	CDX	EAS
HG02409	1KG	CDX	EAS
HG02233	1KG	IBS	EUR
HG02232	1KG	IBS	EUR
HG02013	1KG	ACB	AFR
HG01896	1KG	ACB	AFR
HG02051	1KG	ACB	AFR
HG02052	1KG	ACB	AFR
HG02095	1KG	ACB	AFR
HG02107	1KG	ACB	AFR
HG02144	1KG	ACB	AFR
HG02307	1KG	ACB	AFR
HG02323	1KG	ACB	AFR
HG02325	1KG	ACB	AFR
HG02339	1KG	ACB	AFR
HG02419	1KG	ACB	AFR
HG02442	1KG	ACB	AFR
HG02449	1KG	ACB	AFR
HG02470	1KG	ACB	AFR
HG02471	1KG	ACB	AFR
HG02511	1KG	ACB	AFR
HG02497	1KG	ACB	AFR
HG02537	1KG	ACB	AFR
HG02035	1KG	KHV	EAS
HG02040	1KG	KHV	EAS
HG02047	1KG	KHV	EAS
HG02061	1KG	KHV	EAS
HG02060	1KG	KHV	EAS
HG02064	1KG	KHV	EAS
HG02067	1KG	KHV	EAS
HG02116	1KG	KHV	EAS
HG02130	1KG	KHV	EAS
HG02137	1KG	KHV	EAS
HG02136	1KG	KHV	EAS
HG02512	1KG	KHV	EAS
HG02513	1KG	KHV	EAS
HG02521	1KG	KHV	EAS
HG02522	1KG	KHV	EAS
HG02461	1KG	GWD	AFR
HG02462	1KG	GWD	AFR
HG02464	1KG	GWD	AFR
HG02465	1KG	GWD	AFR
HG02561	1KG	GWD	AFR
HG02562	1KG	GWD	AFR
HG02570	1KG	GWD	AFR
HG02571	1KG	GWD	AFR
HG02573	1KG	GWD	AFR
HG02574	1KG	GWD	AFR
HG02582	1KG	GWD	AFR
HG02583	1KG	GWD	AFR
HG02585	1KG	GWD	AFR
HG02586	1KG	GWD	AFR
HG02588	1KG	GWD	AFR
HG02589	1KG	GWD	AFR
HG02594	1KG	GWD	AFR
HG02595	1KG	GWD	AFR
HG02613	1KG	GWD	AFR
HG02614	1KG	GWD	AFR
HG02620	1KG	GWD	AFR
HG02621	1KG	GWD	AFR
HG02628	1KG	GWD	AFR
HG02629	1KG	GWD	AFR
HG02642	1KG	GWD	AFR
HG02643	1KG	GWD	AFR
HG02645	1KG	GWD	AFR
HG02646	1KG	GWD	AFR
HG02666	1KG	GWD	AFR
HG02667	1KG	GWD	AFR
HG02675	1KG	GWD	AFR
HG02676	1KG	GWD	AFR
HG02678	1KG	GWD	AFR
HG02679	1KG	GWD	AFR
HG02702	1KG	GWD	AFR
HG02703	1KG	GWD	AFR
HG02721	1KG	GWD	AFR
HG02722	1KG	GWD	AFR
HG02610	1KG	GWD	AFR
HG02611	1KG	GWD	AFR
HG02634	1KG	GWD	AFR
HG02635	1KG	GWD	AFR
HG02715	1KG	GWD	AFR
HG02716	1KG	GWD	AFR
HG02768	1KG	GWD	AFR
HG02769	1KG	GWD	AFR
HG02771	1KG	GWD	AFR
HG02772	1KG	GWD	AFR
HG02798	1KG	GWD	AFR
HG02799	1KG	GWD	AFR
HG02804	1KG	GWD	AFR
HG02805	1KG	GWD	AFR
HG02807	1KG	GWD	AFR
HG02808	1KG	GWD	AFR
HG02810	1KG	GWD	AFR
HG02811	1KG	GWD	AFR
HG02813	1KG	GWD	AFR
HG02814	1KG	GWD	AFR
HG02839	1KG	GWD	AFR
HG02840	1KG	GWD	AFR
HG02851	1KG	GWD	AFR
HG02852	1KG	GWD	AFR
HG02887	1KG	GWD	AFR
HG02888	1KG	GWD	AFR
HG02895	1KG	GWD	AFR
HG02896	1KG	GWD	AFR
HG03027	1KG	GWD	AFR
HG03028	1KG	GWD	AFR
HG03039	1KG	GWD	AFR
HG03040	1KG	GWD	AFR
HG03045	1KG	GWD	AFR
HG03046	1KG	GWD	AFR
HG03048	1KG	GWD	AFR
HG03049	1KG	GWD	AFR
HG03258	1KG	GWD	AFR
HG03259	1KG	GWD	AFR
HG02756	1KG	GWD	AFR
HG02757	1KG	GWD	AFR
HG02816	1KG	GWD	AFR
HG02817	1KG	GWD	AFR
HG02836	1KG	GWD	AFR
HG02837	1KG	GWD	AFR
HG02860	1KG	GWD	AFR
HG02861	1KG	GWD	AFR
HG02884	1KG	GWD	AFR
HG02885	1KG	GWD	AFR
HG02890	1KG	GWD	AFR
HG02891	1KG	GWD	AFR
HG03052	1KG	MSL	AFR
HG03057	1KG	MSL	AFR
HG03058	1KG	MSL	AFR
HG03078	1KG	MSL	AFR
HG03084	1KG	MSL	AFR
HG03085	1KG	MSL	AFR
HG03096	1KG	MSL	AFR
HG03397	1KG	MSL	AFR
HG03451	1KG	MSL	AFR
HG03452	1KG	MSL	AFR
HG03469	1KG	MSL	AFR
HG03472	1KG	MSL	AFR
HG02923	1KG	ESN	AFR
HG02922	1KG	ESN	AFR
HG02944	1KG	ESN	AFR
HG02943	1KG	ESN	AFR
HG02974	1KG	ESN	AFR
HG02973	1KG	ESN	AFR
HG03100	1KG	ESN	AFR
HG03099	1KG	ESN	AFR
HG03109	1KG	ESN	AFR
HG03108	1KG	ESN	AFR
HG03115	1KG	ESN	AFR
HG03114	1KG	ESN	AFR
HG03121	1KG	ESN	AFR
HG03120	1KG	ESN	AFR
HG03124	1KG	ESN	AFR
HG03123	1KG	ESN	AFR
HG03133	1KG	ESN	AFR
HG03132	1KG	ESN	AFR
HG03136	1KG	ESN	AFR
HG03135	1KG	ESN	AFR
HG00409	1KG	CHS	EAS
HG00410	1KG	CHS	EAS
HG00598	1KG	CHS	EAS
HG00599	1KG	CHS	EAS
HG00728	1KG	CHS	EAS
HG00729	1KG	CHS	EAS
HG00622	1KG	CHS	EAS
HG00623	1KG	CHS	EAS
HG00631	1KG	CHS	EAS
HG00632	1KG	CHS	EAS
HG00674	1KG	CHS	EAS
HG00675	1KG	CHS	EAS
HG03024	1KG	GWD	AFR
HG03025	1KG	GWD	AFR
HG03240	1KG	GWD	AFR
HG03241	1KG	GWD	AFR
HG03246	1KG	GWD	AFR
HG03247	1KG	GWD	AFR
HG03538	1KG	GWD	AFR
HG03539	1KG	GWD	AFR
HG02819	1KG	GWD	AFR
HG02820	1KG	GWD	AFR
HG02854	1KG	GWD	AFR
HG02855	1KG	GWD	AFR
HG03470	1KG	MSL	AFR
HG03473	1KG	MSL	AFR
HG03081	1KG	MSL	AFR
HG03088	1KG	MSL	AFR
HG03209	1KG	MSL	AFR
HG03212	1KG	MSL	AFR
HG03055	1KG	MSL	AFR
HG03376	1KG	MSL	AFR
HG03380	1KG	MSL	AFR
HG03385	1KG	MSL	AFR
HG03388	1KG	MSL	AFR
HG03401	1KG	MSL	AFR
HG03419	1KG	MSL	AFR
HG03061	1KG	MSL	AFR
HG03428	1KG	MSL	AFR
HG03433	1KG	MSL	AFR
HG03439	1KG	MSL	AFR
HG03442	1KG	MSL	AFR
HG03445	1KG	MSL	AFR
HG03446	1KG	MSL	AFR
HG03460	1KG	MSL	AFR
HG03461	1KG	MSL	AFR
HG03479	1KG	MSL	AFR
HG03066	1KG	MSL	AFR
HG03069	1KG	MSL	AFR
HG03072	1KG	MSL	AFR
HG03410	1KG	MSL	AFR
HG03436	1KG	MSL	AFR
HG03437	1KG	MSL	AFR
HG03449	1KG	MSL	AFR
HG03458	1KG	MSL	AFR
HG03476	1KG	MSL	AFR
HG03484	1KG	MSL	AFR
HG03485	1KG	MSL	AFR
HG03547	1KG	MSL	AFR
HG03548	1KG	MSL	AFR
HG03557	1KG	MSL	AFR
HG03391	1KG	MSL	AFR
HG03455	1KG	MSL	AFR
HG03559	1KG	MSL	AFR
HG03563	1KG	MSL	AFR
HG03565	1KG	MSL	AFR
HG03571	1KG	MSL	AFR
HG03572	1KG	MSL	AFR
HG03575	1KG	MSL	AFR
HG03577	1KG	MSL	AFR
HG03578	1KG	MSL	AFR
HG03583	1KG	MSL	AFR
HG03515	1KG	ESN	AFR
HG03514	1KG	ESN	AFR
HG03268	1KG	ESN	AFR
HG03267	1KG	ESN	AFR
HG03271	1KG	ESN	AFR
HG03270	1KG	ESN	AFR
HG03280	1KG	ESN	AFR
HG03279	1KG	ESN	AFR
HG03291	1KG	ESN	AFR
HG03295	1KG	ESN	AFR
HG03294	1KG	ESN	AFR
HG03300	1KG	ESN	AFR
HG03367	1KG	ESN	AFR
HG03366	1KG	ESN	AFR
HG02947	1KG	ESN	AFR
HG02946	1KG	ESN	AFR
HG02971	1KG	ESN	AFR
HG02970	1KG	ESN	AFR
HG02953	1KG	ESN	AFR
HG02952	1KG	ESN	AFR
HG02977	1KG	ESN	AFR
HG02976	1KG	ESN	AFR
HG03118	1KG	ESN	AFR
HG03117	1KG	ESN	AFR
HG03130	1KG	ESN	AFR
HG03129	1KG	ESN	AFR
HG03160	1KG	ESN	AFR
HG03159	1KG	ESN	AFR
HG03163	1KG	ESN	AFR
HG03162	1KG	ESN	AFR
HG03169	1KG	ESN	AFR
HG03168	1KG	ESN	AFR
HG03172	1KG	ESN	AFR
HG03196	1KG	ESN	AFR
HG03195	1KG	ESN	AFR
HG03199	1KG	ESN	AFR
HG03198	1KG	ESN	AFR
HG03343	1KG	ESN	AFR
HG03342	1KG	ESN	AFR
HG03370	1KG	ESN	AFR
HG03369	1KG	ESN	AFR
HG02439	1KG	ACB	AFR
HG02549	1KG	ACB	AFR
HG02557	1KG	ACB	AFR
HG01961	1KG	PEL	AMR
HG02408	1KG	CDX	EAS
HG02410	1KG	CDX	EAS
HG02759	1KG	GWD	AFR
HG02760	1KG	GWD	AFR
HG02763	1KG	GWD	AFR
HG02870	1KG	GWD	AFR
HG02878	1KG	GWD	AFR
HG02879	1KG	GWD	AFR
HG02881	1KG	GWD	AFR
HG02882	1KG	GWD	AFR
HG02982	1KG	GWD	AFR
HG02983	1KG	GWD	AFR
HG03054	1KG	MSL	AFR
HG03060	1KG	MSL	AFR
HG03063	1KG	MSL	AFR
HG03064	1KG	MSL	AFR
HG03073	1KG	MSL	AFR
HG03074	1KG	MSL	AFR
HG03077	1KG	MSL	AFR
HG03079	1KG	MSL	AFR
HG03082	1KG	MSL	AFR
HG03086	1KG	MSL	AFR
HG03091	1KG	MSL	AFR
HG03095	1KG	MSL	AFR
HG03224	1KG	MSL	AFR
HG03225	1KG	MSL	AFR
HG03378	1KG	MSL	AFR
HG03382	1KG	MSL	AFR
HG03394	1KG	MSL	AFR
HG03432	1KG	MSL	AFR
HG03558	1KG	MSL	AFR
HG03567	1KG	MSL	AFR
HG02938	1KG	ESN	AFR
HG02941	1KG	ESN	AFR
HG02968	1KG	ESN	AFR
HG02979	1KG	ESN	AFR
HG02981	1KG	ESN	AFR
HG03103	1KG	ESN	AFR
HG03105	1KG	ESN	AFR
HG03111	1KG	ESN	AFR
HG03112	1KG	ESN	AFR
HG03126	1KG	ESN	AFR
HG03127	1KG	ESN	AFR
HG03139	1KG	ESN	AFR
HG03157	1KG	ESN	AFR
HG03166	1KG	ESN	AFR
HG03175	1KG	ESN	AFR
HG03189	1KG	ESN	AFR
HG03190	1KG	ESN	AFR
HG03193	1KG	ESN	AFR
HG03202	1KG	ESN	AFR
HG03265	1KG	ESN	AFR
HG03297	1KG	ESN	AFR
HG03298	1KG	ESN	AFR
HG03303	1KG	ESN	AFR
HG03304	1KG	ESN	AFR
HG03311	1KG	ESN	AFR
HG03313	1KG	ESN	AFR
HG03354	1KG	ESN	AFR
HG03363	1KG	ESN	AFR
HG03372	1KG	ESN	AFR
HG03499	1KG	ESN	AFR
HG03517	1KG	ESN	AFR
HG03518	1KG	ESN	AFR
HG03520	1KG	ESN	AFR
HG03521	1KG	ESN	AFR
HG00288	1KG	FIN	EUR
HG00304	1KG	FIN	EUR
HG01765	1KG	IBS	EUR
HG01766	1KG	IBS	EUR
HG01767	1KG	IBS	EUR
HG01768	1KG	IBS	EUR
HG01785	1KG	IBS	EUR
HG01786	1KG	IBS	EUR
HG02219	1KG	IBS	EUR
MXB_10544	MXB	Nahua	AMR
MXB_10610	MXB	Tarahumara	AMR
MXB_11339	MXB	Nahua	AMR
MXB_11619	MXB	Tarahumara	AMR
MXB_12529	MXB	Nahua	AMR
MXB_13075	MXB	Nahua	AMR
MXB_13175	MXB	Tarahumara	AMR
MXB_15210	MXB	Maya	AMR
MXB_15727	MXB	Totonac	AMR
MXB_15887	MXB	Totonac	AMR
MXB_160	MXB	Nahua	AMR
MXB_1655	MXB	Nahua	AMR
MXB_19262	MXB	Zapotec/Mazatec	AMR
MXB_19369	MXB	Zapotec/Mazatec	AMR
MXB_20305	MXB	Maya	AMR
MXB_20306	MXB	Maya	AMR
MXB_22419	MXB	Maya	AMR
MXB_22998	MXB	Zapotec/Mazatec	AMR
MXB_23094	MXB	Nahua	AMR
MXB_23097	MXB	Nahua	AMR
MXB_24133	MXB	Maya	AMR
MXB_24186	MXB	Maya	AMR
MXB_24586	MXB	Huichol	AMR
MXB_2641	MXB	Nahua	AMR
MXB_28337	MXB	Zapotec/Mazatec	AMR
MXB_28339	MXB	Zapotec/Mazatec	AMR
MXB_28344	MXB	Zapotec/Mazatec	AMR
MXB_28452	MXB	Zapotec/Mazatec	AMR
MXB_28564	MXB	Zapotec/Mazatec	AMR
MXB_29762	MXB	Nahua	AMR
MXB_30112	MXB	Huichol	AMR
MXB_32325	MXB	Maya	AMR
MXB_33270	MXB	Nahua	AMR
MXB_35177	MXB	Nahua	AMR
MXB_35474	MXB	Tzotzil	AMR
MXB_35488	MXB	Tzotzil	AMR
MXB_3573	MXB	Nahua	AMR
MXB_36131	MXB	Tzotzil	AMR
MXB_37448	MXB	Zapotec/Mazatec	AMR
MXB_39462	MXB	Nahua	AMR
MXB_3990	MXB	Nahua	AMR
MXB_40340	MXB	Nahua	AMR
MXB_40376	MXB	Totonac	AMR
MXB_40870	MXB	Tzotzil	AMR
MXB_42639	MXB	Nahua	AMR
MXB_42990	MXB	Totonac	AMR
MXB_42994	MXB	Totonac	AMR
MXB_5576	MXB	Nahua	AMR
MXB_9395	MXB	Totonac	AMR
MXB_9855	MXB	Zapotec/Mazatec	AMR
